t_wall,t_seq,state,stage,nav_state,armed,x,y,z,vx,vy,vz,heading
1785822328.347,0.000,WAIT,idle,2,0,-0.004,0.002,-0.001,0.004,0.008,-0.000,1.5500
1785822328.447,0.000,WAIT,idle,2,0,-0.004,0.002,-0.001,0.003,0.008,0.001,1.5499
1785822328.547,0.000,WAIT,idle,2,0,-0.004,0.003,-0.000,0.003,0.008,0.001,1.5498
1785822328.647,0.000,WAIT,idle,2,0,-0.004,0.003,-0.000,0.002,0.010,0.001,1.5495
1785822328.747,0.000,WAIT,idle,2,0,-0.004,0.004,0.000,0.001,0.012,0.001,1.5496
1785822328.847,0.000,WAIT,idle,2,0,-0.005,0.004,0.000,-0.002,0.013,0.002,1.5496
1785822328.947,0.000,WAIT,idle,2,0,-0.006,0.004,0.001,-0.003,0.012,-0.000,1.5496
1785822329.047,0.000,WAIT,idle,2,0,-0.006,0.004,0.001,-0.003,0.008,0.000,1.5497
1785822329.146,0.000,WAIT,idle,2,0,-0.007,0.004,0.001,-0.008,0.008,0.001,1.5499
1785822329.246,0.000,WAIT,idle,2,0,-0.008,0.004,0.001,-0.010,0.008,0.001,1.5499
1785822329.346,0.000,WAIT,idle,2,0,-0.009,0.004,0.001,-0.011,0.008,-0.002,1.5503
1785822329.447,0.000,WAIT,idle,2,0,-0.010,0.003,0.001,-0.010,0.005,-0.001,1.5506
1785822329.546,0.000,WAIT,idle,2,0,-0.010,0.002,0.001,-0.012,0.003,-0.001,1.5506
1785822329.647,0.000,WAIT,idle,2,0,-0.010,0.002,0.001,-0.009,0.004,0.000,1.5505
1785822329.746,0.000,WAIT,idle,2,0,-0.010,0.001,0.001,-0.007,0.002,0.001,1.5503
1785822329.847,0.000,WAIT,idle,2,1,-0.009,0.000,0.002,-0.002,0.001,0.002,1.5503
1785822329.946,0.000,WAIT,idle,2,1,-0.008,-0.001,0.002,0.002,-0.001,0.001,1.5502
1785822330.046,0.000,WAIT,idle,2,1,-0.007,-0.001,0.002,0.005,-0.001,0.003,1.5501
1785822330.147,0.000,WAIT,idle,2,1,-0.006,-0.002,0.003,0.004,-0.001,0.001,1.5501
1785822330.247,0.000,WAIT,idle,2,1,-0.005,-0.003,0.003,0.002,-0.002,0.002,1.5503
1785822330.347,0.000,WAIT,idle,2,1,-0.005,-0.003,0.003,0.002,-0.002,0.001,1.5504
1785822330.447,0.000,WAIT,idle,2,1,-0.005,-0.003,0.003,0.004,-0.004,0.002,1.5505
1785822330.547,0.000,WAIT,idle,2,1,-0.004,-0.003,0.003,0.007,-0.002,0.001,1.5504
1785822330.647,0.000,WAIT,idle,2,1,-0.003,-0.003,0.003,0.009,-0.003,0.002,1.5504
1785822330.747,0.000,WAIT,idle,2,1,-0.002,-0.003,0.003,0.011,-0.001,0.003,1.5503
1785822330.846,0.000,WAIT,idle,2,1,-0.002,-0.003,0.003,0.013,-0.002,0.003,1.5502
1785822330.946,0.000,WAIT,idle,2,1,-0.001,-0.003,0.002,0.010,-0.003,0.003,1.5500
1785822331.047,0.000,WAIT,idle,2,1,-0.001,-0.003,0.002,0.009,-0.002,0.003,1.5498
1785822331.147,0.000,WAIT,idle,2,1,-0.001,-0.003,0.002,0.009,-0.003,0.003,1.5495
1785822331.246,0.000,WAIT,idle,2,1,-0.001,-0.002,0.002,0.009,-0.002,0.002,1.5497
1785822331.346,0.000,WAIT,idle,2,1,-0.001,-0.002,0.001,0.008,-0.001,0.000,1.5496
1785822331.446,0.000,WAIT,idle,2,1,-0.001,-0.002,0.001,0.008,-0.003,0.001,1.5496
1785822331.546,0.000,WAIT,idle,2,1,-0.001,-0.002,0.000,0.008,-0.001,-0.001,1.5497
1785822331.647,0.000,WAIT,idle,2,1,-0.001,-0.002,-0.000,0.007,0.003,0.000,1.5497
1785822331.746,0.000,WAIT,idle,2,1,-0.001,-0.002,-0.000,0.006,-0.001,0.000,1.5496
1785822331.847,0.000,WAIT,idle,2,1,-0.001,-0.002,-0.000,0.005,-0.000,-0.000,1.5497
1785822331.946,0.000,WAIT,idle,2,1,-0.002,-0.001,0.000,0.002,0.001,-0.001,1.5497
1785822332.046,0.000,WAIT,idle,2,1,-0.003,-0.001,0.001,0.001,-0.002,0.000,1.5497
1785822332.147,0.000,WAIT,idle,2,1,-0.004,-0.002,0.001,-0.001,-0.005,0.001,1.5497
1785822332.247,0.000,WAIT,idle,2,1,-0.005,-0.002,0.001,-0.006,-0.001,0.001,1.5495
1785822332.346,0.000,WAIT,idle,2,1,-0.006,-0.002,0.002,0.001,-0.007,0.001,1.5516
1785822332.447,0.000,WAIT,idle,2,1,-0.006,-0.002,0.001,0.001,-0.017,-0.019,1.5562
1785822332.546,0.000,WAIT,idle,2,1,-0.007,-0.004,-0.004,-0.010,-0.033,-0.104,1.5558
1785822332.646,0.000,WAIT,idle,2,1,-0.007,-0.008,-0.028,-0.003,-0.025,-0.311,1.5502
1785822332.747,0.000,WAIT,idle,2,1,-0.006,-0.010,-0.080,0.010,0.003,-0.564,1.5492
1785822332.846,0.000,WAIT,idle,2,1,-0.004,-0.009,-0.143,0.023,0.013,-0.721,1.5506
1785822332.946,0.000,WAIT,idle,2,1,-0.001,-0.006,-0.225,0.024,0.049,-0.818,1.5507
1785822333.047,0.000,WAIT,idle,2,1,0.002,-0.001,-0.308,0.032,0.058,-0.876,1.5507
1785822333.147,0.000,WAIT,idle,2,1,0.006,0.007,-0.417,0.034,0.064,-0.926,1.5502
1785822333.246,0.000,WAIT,idle,2,1,0.009,0.014,-0.517,0.030,0.073,-0.963,1.5505
1785822333.346,0.000,WAIT,idle,2,1,0.013,0.022,-0.635,0.026,0.072,-0.997,1.5513
1785822333.447,0.000,WAIT,idle,2,1,0.016,0.028,-0.756,0.020,0.064,-1.028,1.5516
1785822333.546,0.000,WAIT,idle,2,1,0.019,0.033,-0.882,0.015,0.053,-1.059,1.5527
1785822333.647,0.000,WAIT,idle,2,1,0.020,0.036,-0.984,0.017,0.030,-1.082,1.5528
1785822333.747,0.000,WAIT,idle,2,1,0.021,0.039,-1.116,0.013,0.018,-1.108,1.5529
1785822333.847,0.000,WAIT,idle,2,1,0.022,0.040,-1.232,0.004,0.020,-1.129,1.5534
1785822333.947,0.000,WAIT,idle,2,1,0.023,0.040,-1.342,0.007,-0.004,-1.149,1.5528
1785822334.047,0.000,WAIT,idle,2,1,0.024,0.039,-1.462,0.001,-0.009,-1.168,1.5510
1785822334.146,0.000,WAIT,idle,2,1,0.024,0.036,-1.603,-0.003,-0.016,-1.189,1.5501
1785822334.246,0.000,WAIT,idle,2,1,0.024,0.033,-1.747,-0.010,-0.018,-1.210,1.5497
1785822334.347,0.000,WAIT,idle,2,1,0.024,0.031,-1.893,-0.016,-0.022,-1.229,1.5500
1785822334.446,0.000,WAIT,idle,2,1,0.023,0.028,-2.042,-0.018,-0.022,-1.244,1.5498
1785822334.547,0.000,WAIT,idle,2,1,0.021,0.025,-2.192,-0.019,-0.027,-1.259,1.5503
1785822334.646,0.000,WAIT,idle,2,1,0.020,0.023,-2.344,-0.020,-0.032,-1.279,1.5506
1785822334.746,0.000,WAIT,idle,2,1,0.018,0.020,-2.497,-0.016,-0.036,-1.292,1.5512
1785822334.846,0.000,WAIT,idle,2,1,0.017,0.018,-2.621,-0.022,-0.027,-1.303,1.5514
1785822334.946,0.000,WAIT,idle,2,1,0.015,0.015,-2.778,-0.021,-0.022,-1.315,1.5517
1785822335.046,0.000,WAIT,idle,2,1,0.014,0.013,-2.936,-0.021,-0.022,-1.328,1.5511
1785822335.146,0.000,WAIT,idle,2,1,0.012,0.010,-3.092,-0.018,-0.024,-1.268,1.5502
1785822335.246,0.000,WAIT,idle,2,1,0.011,0.008,-3.215,-0.012,-0.032,-1.089,1.5483
1785822335.347,0.000,WAIT,idle,2,1,0.009,0.006,-3.326,-0.013,-0.029,-0.761,1.5471
1785822335.447,0.000,WAIT,idle,2,1,0.006,0.005,-3.390,-0.017,-0.023,-0.348,1.5466
1785822335.546,0.000,WAIT,idle,2,1,0.003,0.003,-3.407,-0.023,-0.015,0.013,1.5472
1785822335.647,0.000,WAIT,idle,2,1,-0.000,0.003,-3.389,-0.024,-0.005,0.201,1.5485
1785822335.747,0.000,WAIT,idle,2,1,-0.004,0.002,-3.358,-0.026,0.003,0.224,1.5504
1785822335.847,0.000,WAIT,idle,2,1,-0.007,0.003,-3.335,-0.023,0.004,0.112,1.5515
1785822335.947,0.000,WAIT,idle,2,1,-0.009,0.003,-3.326,-0.016,-0.002,0.038,1.5521
1785822336.046,0.000,WAIT,idle,2,1,-0.012,0.002,-3.325,-0.013,-0.004,-0.002,1.5515
1785822336.146,0.000,WAIT,idle,2,1,-0.014,0.000,-3.327,-0.010,-0.009,-0.011,1.5517
1785822336.246,0.000,WAIT,idle,2,1,-0.016,-0.001,-3.330,-0.006,-0.017,-0.015,1.5514
1785822336.347,0.000,WAIT,idle,2,1,-0.017,-0.004,-3.332,0.000,-0.022,-0.012,1.5509
1785822336.446,0.000,WAIT,idle,2,1,-0.018,-0.005,-3.335,0.005,-0.023,-0.011,1.5505
1785822336.547,0.000,WAIT,idle,2,1,-0.018,-0.007,-3.336,0.007,-0.023,-0.010,1.5512
1785822336.646,0.000,WAIT,idle,2,1,-0.019,-0.007,-3.338,0.006,-0.022,-0.010,1.5520
1785822336.746,0.000,WAIT,idle,2,1,-0.019,-0.008,-3.340,0.005,-0.019,-0.009,1.5527
1785822336.846,0.000,WAIT,idle,2,1,-0.020,-0.009,-3.341,0.002,-0.004,-0.010,1.5533
1785822336.946,0.000,WAIT,idle,2,1,-0.020,-0.009,-3.343,0.009,-0.007,-0.008,1.5529
1785822337.046,0.000,WAIT,idle,2,1,-0.020,-0.010,-3.344,0.006,-0.002,-0.008,1.5522
1785822337.147,0.000,WAIT,idle,2,1,-0.021,-0.010,-3.345,0.008,-0.000,-0.004,1.5513
1785822337.247,0.000,WAIT,idle,2,1,-0.021,-0.011,-3.345,0.007,0.002,-0.002,1.5517
1785822337.347,0.000,WAIT,idle,2,1,-0.021,-0.012,-3.346,0.005,0.002,-0.004,1.5527
1785822337.447,0.000,WAIT,idle,2,1,-0.021,-0.012,-3.346,0.010,-0.003,-0.004,1.5528
1785822337.546,0.000,WAIT,idle,2,1,-0.020,-0.013,-3.346,0.015,-0.007,-0.005,1.5526
1785822337.647,0.000,WAIT,idle,2,1,-0.019,-0.013,-3.347,0.015,-0.009,-0.004,1.5514
1785822337.746,0.000,WAIT,idle,2,1,-0.018,-0.014,-3.347,0.015,-0.005,-0.003,1.5501
1785822337.846,0.000,WAIT,idle,2,1,-0.016,-0.014,-3.347,0.013,-0.001,-0.005,1.5491
1785822337.947,0.000,WAIT,idle,2,1,-0.015,-0.015,-3.348,0.015,-0.001,-0.004,1.5499
1785822338.047,0.000,WAIT,idle,2,1,-0.014,-0.015,-3.349,0.017,-0.005,-0.006,1.5497
1785822338.147,0.000,WAIT,idle,2,1,-0.013,-0.014,-3.351,0.013,-0.001,-0.005,1.5494
1785822338.246,0.000,WAIT,idle,2,1,-0.013,-0.012,-3.352,0.012,0.004,-0.004,1.5494
1785822338.346,0.000,WAIT,idle,2,1,-0.013,-0.010,-3.353,0.006,0.018,-0.001,1.5501
1785822338.447,0.000,WAIT,idle,2,1,-0.012,-0.008,-3.353,0.010,0.006,-0.002,1.5507
1785822338.546,0.000,WAIT,idle,2,1,-0.012,-0.006,-3.353,0.008,0.004,0.002,1.5512
1785822338.646,0.000,WAIT,idle,2,1,-0.012,-0.004,-3.353,0.002,0.013,0.001,1.5518
1785822338.747,0.000,WAIT,idle,2,1,-0.012,-0.001,-3.354,-0.001,0.013,-0.001,1.5525
1785822338.846,0.000,WAIT,idle,2,1,-0.012,0.001,-3.354,-0.001,0.014,-0.001,1.5528
1785822338.947,0.000,WAIT,idle,2,1,-0.012,0.003,-3.355,-0.000,0.010,-0.001,1.5532
1785822339.046,0.000,WAIT,idle,2,1,-0.012,0.005,-3.355,0.005,-0.003,-0.000,1.5521
1785822339.146,0.000,WAIT,idle,2,1,-0.012,0.007,-3.355,0.007,-0.004,-0.000,1.5511
1785822339.246,0.000,WAIT,idle,2,1,-0.011,0.009,-3.356,0.005,-0.000,0.001,1.5493
1785822339.346,0.000,WAIT,idle,2,1,-0.010,0.010,-3.356,0.005,-0.002,0.001,1.5482
1785822339.447,0.000,WAIT,idle,2,1,-0.009,0.011,-3.356,0.006,-0.007,0.002,1.5490
1785822339.546,0.000,WAIT,idle,2,1,-0.008,0.011,-3.357,0.009,-0.014,0.000,1.5490
1785822339.646,0.000,WAIT,idle,2,1,-0.007,0.011,-3.357,0.006,-0.019,0.001,1.5490
1785822339.747,0.000,WAIT,idle,2,1,-0.006,0.012,-3.357,-0.001,-0.008,0.002,1.5490
1785822339.846,0.000,WAIT,idle,2,1,-0.005,0.013,-3.358,0.006,-0.016,0.002,1.5490
1785822339.947,0.000,WAIT,idle,2,1,-0.004,0.013,-3.358,0.001,-0.001,0.001,1.5498
1785822340.047,0.000,WAIT,idle,2,1,-0.004,0.015,-3.359,0.005,-0.013,0.000,1.5498
1785822340.146,0.000,WAIT,idle,2,1,-0.003,0.016,-3.359,0.004,-0.018,0.003,1.5498
1785822340.246,0.000,WAIT,idle,2,1,-0.002,0.016,-3.359,0.004,-0.018,0.003,1.5494
1785822340.346,0.000,WAIT,idle,2,1,-0.002,0.017,-3.360,0.002,-0.017,0.001,1.5495
1785822340.446,0.000,WAIT,idle,2,1,-0.001,0.018,-3.360,0.004,-0.017,0.004,1.5499
1785822340.546,0.000,WAIT,idle,2,1,-0.001,0.018,-3.360,-0.004,-0.008,0.005,1.5499
1785822340.647,0.000,WAIT,idle,2,1,-0.000,0.019,-3.360,-0.003,-0.009,0.003,1.5501
1785822340.746,0.000,WAIT,idle,2,1,0.000,0.019,-3.361,-0.000,-0.009,0.003,1.5502
1785822340.846,0.000,WAIT,idle,2,1,0.002,0.019,-3.361,0.004,-0.010,0.003,1.5500
1785822340.946,0.000,WAIT,idle,2,1,0.003,0.019,-3.362,0.005,-0.015,0.002,1.5508
1785822341.047,0.000,WAIT,idle,2,1,0.004,0.018,-3.363,0.004,-0.023,0.004,1.5507
1785822341.147,0.000,WAIT,idle,2,1,0.004,0.017,-3.363,0.003,-0.027,0.006,1.5508
1785822341.247,0.000,WAIT,idle,2,1,0.004,0.017,-3.364,-0.002,-0.020,0.006,1.5507
1785822341.346,0.000,WAIT,idle,2,1,0.004,0.016,-3.364,-0.006,-0.018,0.007,1.5514
1785822341.446,0.000,WAIT,idle,2,1,0.004,0.014,-3.364,-0.001,-0.028,0.005,1.5518
1785822341.547,0.000,WAIT,idle,2,1,0.004,0.013,-3.364,-0.002,-0.029,0.006,1.5516
1785822341.646,0.000,WAIT,idle,2,1,0.004,0.012,-3.365,-0.008,-0.020,0.006,1.5508
1785822341.747,0.000,WAIT,idle,2,1,0.004,0.011,-3.365,-0.006,-0.020,0.005,1.5509
1785822341.847,0.000,WAIT,idle,2,1,0.004,0.010,-3.365,-0.004,-0.023,0.006,1.5502
1785822341.947,0.000,WAIT,idle,2,1,0.004,0.009,-3.365,-0.005,-0.021,0.006,1.5498
1785822342.046,0.000,WAIT,idle,2,1,0.005,0.008,-3.365,-0.005,-0.015,0.006,1.5499
1785822342.146,0.000,WAIT,idle,2,1,0.006,0.007,-3.365,-0.006,-0.013,0.007,1.5501
1785822342.246,0.000,WAIT,idle,2,1,0.006,0.006,-3.365,-0.002,-0.020,0.007,1.5501
1785822342.347,0.000,WAIT,idle,2,1,0.006,0.005,-3.365,-0.008,-0.016,0.008,1.5493
1785822342.446,0.000,WAIT,idle,2,1,0.005,0.004,-3.365,-0.011,-0.007,0.007,1.5495
1785822342.547,0.000,WAIT,idle,2,1,0.004,0.004,-3.365,-0.010,-0.007,0.006,1.5505
1785822342.646,0.000,WAIT,idle,2,1,0.003,0.004,-3.365,-0.009,-0.010,0.006,1.5500
1785822342.746,0.000,WAIT,idle,2,1,0.002,0.005,-3.366,-0.011,-0.004,0.005,1.5507
1785822342.847,0.000,WAIT,idle,2,1,0.000,0.006,-3.366,-0.011,0.004,0.004,1.5519
1785822342.946,0.000,WAIT,idle,2,1,-0.001,0.006,-3.367,-0.010,-0.001,0.006,1.5521
1785822343.047,0.000,WAIT,idle,2,1,-0.003,0.006,-3.367,-0.005,-0.007,0.008,1.5517
1785822343.146,0.000,WAIT,idle,2,1,-0.004,0.006,-3.366,-0.008,-0.009,0.009,1.5510
1785822343.246,0.000,WAIT,idle,2,1,-0.006,0.006,-3.365,-0.009,-0.009,0.010,1.5518
1785822343.347,0.000,WAIT,idle,2,1,-0.007,0.005,-3.364,-0.004,-0.011,0.009,1.5526
1785822343.447,0.000,WAIT,idle,2,1,-0.009,0.004,-3.363,-0.004,-0.005,0.008,1.5523
1785822343.546,0.000,WAIT,idle,2,1,-0.009,0.004,-3.362,0.002,-0.017,0.006,1.5518
1785822343.647,0.000,WAIT,idle,2,1,-0.010,0.003,-3.361,0.000,-0.009,0.006,1.5510
1785822343.746,0.000,WAIT,idle,2,1,-0.011,0.003,-3.360,0.004,-0.017,0.004,1.5507
1785822343.846,0.000,WAIT,idle,2,1,-0.012,0.003,-3.359,0.005,-0.015,0.003,1.5508
1785822343.946,0.000,WAIT,idle,2,1,-0.012,0.002,-3.359,0.004,-0.010,0.001,1.5510
1785822344.046,0.000,WAIT,idle,2,1,-0.012,0.002,-3.358,0.006,-0.007,0.001,1.5519
1785822344.146,0.000,WAIT,idle,2,1,-0.013,0.002,-3.358,0.009,-0.009,0.002,1.5519
1785822344.246,0.000,WAIT,idle,2,1,-0.013,0.002,-3.357,0.008,-0.008,-0.001,1.5522
1785822344.346,0.000,WAIT,idle,2,1,-0.013,0.003,-3.357,0.010,-0.015,-0.000,1.5517
1785822344.447,0.000,WAIT,idle,2,1,-0.013,0.002,-3.357,0.007,-0.008,-0.001,1.5516
1785822344.546,0.000,WAIT,idle,2,1,-0.014,0.002,-3.357,0.009,-0.011,-0.000,1.5503
1785822344.646,0.000,WAIT,idle,2,1,-0.014,0.001,-3.356,0.010,-0.015,-0.003,1.5498
1785822344.746,0.000,WAIT,idle,2,1,-0.014,0.001,-3.356,0.010,-0.018,-0.003,1.5498
1785822344.847,0.000,ENGAGED,idle,14,1,-0.015,0.001,-3.356,0.001,-0.002,-0.003,1.5499
1785822344.947,0.100,ENGAGED,SETTLE 0/5s,14,1,-0.016,0.001,-3.356,0.006,-0.012,-0.002,1.5496
1785822345.047,0.200,ENGAGED,SETTLE 0/5s,14,1,-0.016,0.002,-3.356,0.004,-0.006,-0.001,1.5496
1785822345.147,0.300,ENGAGED,SETTLE 0/5s,14,1,-0.017,0.003,-3.355,0.002,0.001,-0.001,1.5499
1785822345.247,0.400,ENGAGED,SETTLE 0/5s,14,1,-0.017,0.004,-3.355,-0.002,0.004,-0.001,1.5503
1785822345.347,0.500,ENGAGED,SETTLE 0/5s,14,1,-0.018,0.006,-3.355,-0.003,0.007,-0.000,1.5507
1785822345.447,0.600,ENGAGED,SETTLE 1/5s,14,1,-0.019,0.007,-3.354,-0.002,0.006,-0.000,1.5508
1785822345.547,0.700,ENGAGED,SETTLE 1/5s,14,1,-0.019,0.008,-3.353,-0.003,0.007,-0.003,1.5505
1785822345.647,0.800,ENGAGED,SETTLE 1/5s,14,1,-0.019,0.009,-3.352,-0.001,0.005,-0.002,1.5507
1785822345.747,0.900,ENGAGED,SETTLE 1/5s,14,1,-0.019,0.010,-3.351,0.002,0.003,-0.003,1.5506
1785822345.847,1.000,ENGAGED,SETTLE 1/5s,14,1,-0.019,0.011,-3.351,0.005,-0.000,-0.005,1.5503
1785822345.947,1.100,ENGAGED,SETTLE 1/5s,14,1,-0.019,0.012,-3.351,0.006,-0.004,-0.006,1.5499
1785822346.047,1.200,ENGAGED,SETTLE 1/5s,14,1,-0.019,0.013,-3.351,0.005,-0.010,-0.004,1.5496
1785822346.147,1.300,ENGAGED,SETTLE 1/5s,14,1,-0.020,0.014,-3.351,-0.000,-0.008,-0.005,1.5490
1785822346.247,1.400,ENGAGED,SETTLE 1/5s,14,1,-0.020,0.014,-3.351,-0.002,-0.007,-0.005,1.5493
1785822346.347,1.500,ENGAGED,SETTLE 1/5s,14,1,-0.020,0.014,-3.351,0.003,-0.014,-0.005,1.5499
1785822346.447,1.601,ENGAGED,SETTLE 2/5s,14,1,-0.020,0.014,-3.351,0.004,-0.016,-0.006,1.5498
1785822346.547,1.700,ENGAGED,SETTLE 2/5s,14,1,-0.020,0.015,-3.350,0.002,-0.013,-0.005,1.5495
1785822346.647,1.800,ENGAGED,SETTLE 2/5s,14,1,-0.020,0.015,-3.350,0.001,-0.010,-0.006,1.5495
1785822346.747,1.900,ENGAGED,SETTLE 2/5s,14,1,-0.019,0.015,-3.350,0.006,-0.015,-0.004,1.5500
1785822346.847,2.000,ENGAGED,SETTLE 2/5s,14,1,-0.019,0.015,-3.349,0.010,-0.019,-0.006,1.5497
1785822346.947,2.100,ENGAGED,SETTLE 2/5s,14,1,-0.018,0.015,-3.349,0.009,-0.022,-0.007,1.5491
1785822347.047,2.200,ENGAGED,SETTLE 2/5s,14,1,-0.018,0.015,-3.349,0.007,-0.023,-0.009,1.5488
1785822347.147,2.300,ENGAGED,SETTLE 2/5s,14,1,-0.017,0.014,-3.348,0.002,-0.021,-0.010,1.5485
1785822347.247,2.400,ENGAGED,SETTLE 2/5s,14,1,-0.017,0.014,-3.348,-0.001,-0.017,-0.009,1.5487
1785822347.347,2.500,ENGAGED,SETTLE 2/5s,14,1,-0.017,0.014,-3.347,-0.002,-0.013,-0.009,1.5492
1785822347.447,2.600,ENGAGED,SETTLE 3/5s,14,1,-0.016,0.014,-3.347,-0.003,-0.008,-0.008,1.5497
1785822347.547,2.700,ENGAGED,SETTLE 3/5s,14,1,-0.016,0.014,-3.346,0.003,-0.015,-0.009,1.5502
1785822347.647,2.800,ENGAGED,SETTLE 3/5s,14,1,-0.015,0.014,-3.346,0.003,-0.017,-0.007,1.5495
1785822347.747,2.900,ENGAGED,SETTLE 3/5s,14,1,-0.015,0.015,-3.345,0.000,-0.008,-0.011,1.5496
1785822347.847,3.000,ENGAGED,SETTLE 3/5s,14,1,-0.014,0.016,-3.345,0.006,-0.019,-0.009,1.5496
1785822347.947,3.100,ENGAGED,SETTLE 3/5s,14,1,-0.013,0.017,-3.345,0.007,-0.018,-0.011,1.5499
1785822348.047,3.200,ENGAGED,SETTLE 3/5s,14,1,-0.013,0.017,-3.344,0.003,-0.011,-0.013,1.5498
1785822348.147,3.300,ENGAGED,SETTLE 3/5s,14,1,-0.012,0.018,-3.344,0.002,-0.007,-0.011,1.5499
1785822348.247,3.400,ENGAGED,SETTLE 3/5s,14,1,-0.012,0.019,-3.344,-0.000,-0.009,-0.011,1.5499
1785822348.347,3.500,ENGAGED,SETTLE 3/5s,14,1,-0.012,0.019,-3.344,0.002,-0.019,-0.012,1.5495
1785822348.447,3.600,ENGAGED,SETTLE 4/5s,14,1,-0.011,0.019,-3.344,-0.001,-0.012,-0.011,1.5501
1785822348.547,3.700,ENGAGED,SETTLE 4/5s,14,1,-0.011,0.019,-3.344,-0.002,-0.017,-0.012,1.5497
1785822348.647,3.800,ENGAGED,SETTLE 4/5s,14,1,-0.011,0.018,-3.343,-0.001,-0.022,-0.012,1.5489
1785822348.747,3.900,ENGAGED,SETTLE 4/5s,14,1,-0.011,0.018,-3.344,-0.008,-0.015,-0.013,1.5485
1785822348.847,4.000,ENGAGED,SETTLE 4/5s,14,1,-0.011,0.017,-3.344,-0.006,-0.016,-0.014,1.5484
1785822348.947,4.100,ENGAGED,SETTLE 4/5s,14,1,-0.011,0.017,-3.345,-0.006,-0.017,-0.013,1.5486
1785822349.047,4.200,ENGAGED,SETTLE 4/5s,14,1,-0.011,0.017,-3.346,-0.006,-0.020,-0.010,1.5487
1785822349.147,4.300,ENGAGED,SETTLE 4/5s,14,1,-0.011,0.017,-3.348,-0.008,-0.010,-0.011,1.5487
1785822349.247,4.400,ENGAGED,SETTLE 4/5s,14,1,-0.011,0.018,-3.348,-0.003,-0.018,-0.010,1.5486
1785822349.347,4.500,ENGAGED,SETTLE 4/5s,14,1,-0.010,0.020,-3.349,-0.003,-0.018,-0.009,1.5490
1785822349.447,4.600,ENGAGED,SETTLE 5/5s,14,1,-0.010,0.021,-3.350,-0.002,-0.014,-0.008,1.5493
1785822349.547,4.700,ENGAGED,SETTLE 5/5s,14,1,-0.011,0.022,-3.351,-0.006,-0.009,-0.005,1.5493
1785822349.647,4.800,ENGAGED,SETTLE 5/5s,14,1,-0.011,0.023,-3.351,-0.008,-0.004,-0.005,1.5495
1785822349.746,4.900,ENGAGED,SETTLE 5/5s,14,1,-0.012,0.024,-3.351,-0.009,-0.002,-0.006,1.5500
1785822349.846,5.000,ENGAGED,SETTLE 5/5s,14,1,-0.013,0.024,-3.352,-0.009,-0.005,-0.007,1.5505
1785822349.947,5.100,ENGAGED,roll 1/3 PULSEA +10°,14,1,-0.014,0.024,-3.352,-0.008,-0.009,-0.005,1.5512
1785822350.047,5.200,ENGAGED,roll 1/3 PULSEA +10°,14,1,-0.016,0.023,-3.352,-0.010,-0.014,-0.003,1.5513
1785822350.147,5.300,ENGAGED,roll 1/3 PULSEA +10°,14,1,-0.018,0.023,-3.352,-0.015,-0.016,-0.005,1.5509
1785822350.247,5.400,ENGAGED,roll 1/3 PULSEA +10°,14,1,-0.022,0.022,-3.352,-0.026,-0.021,-0.006,1.5502
1785822350.347,5.500,ENGAGED,roll 1/3 PULSEB -10°,14,1,-0.028,0.021,-3.353,-0.036,-0.022,-0.005,1.5493
1785822350.447,5.600,ENGAGED,roll 1/3 PULSEB -10°,14,1,-0.035,0.020,-3.354,-0.030,-0.019,-0.011,1.5485
1785822350.547,5.700,ENGAGED,roll 1/3 PULSEB -10°,14,1,-0.036,0.018,-3.355,0.057,-0.022,-0.018,1.5485
1785822350.647,5.800,ENGAGED,roll 1/3 PULSEB -10°,14,1,-0.022,0.017,-3.358,0.199,-0.022,-0.016,1.5494
1785822350.747,5.900,ENGAGED,roll 1/3 RECOVER,14,1,0.009,0.015,-3.359,0.369,-0.021,-0.005,1.5496
1785822350.847,6.000,ENGAGED,roll 1/3 RECOVER,14,1,0.076,0.012,-3.360,0.582,-0.017,0.003,1.5503
1785822350.947,6.100,ENGAGED,roll 1/3 RECOVER,14,1,0.155,0.010,-3.359,0.765,-0.023,0.010,1.5501
1785822351.047,6.200,ENGAGED,roll 1/3 RECOVER,14,1,0.256,0.007,-3.359,0.943,-0.029,0.019,1.5495
1785822351.147,6.300,ENGAGED,roll 1/3 RECOVER,14,1,0.379,0.003,-3.357,1.120,-0.036,-0.000,1.5488
1785822351.247,6.400,ENGAGED,roll 1/3 RECOVER,14,1,0.518,-0.001,-3.363,1.172,-0.035,-0.066,1.5486
1785822351.347,6.500,ENGAGED,roll 1/3 RECOVER,14,1,0.651,-0.005,-3.373,1.022,-0.027,-0.080,1.5492
1785822351.447,6.600,ENGAGED,roll 1/3 RECOVER,14,1,0.758,-0.008,-3.382,0.760,-0.014,-0.046,1.5502
1785822351.547,6.700,ENGAGED,roll 1/3 RECOVER,14,1,0.831,-0.010,-3.386,0.461,-0.004,-0.004,1.5516
1785822351.647,6.800,ENGAGED,roll 1/3 RECOVER,14,1,0.868,-0.012,-3.386,0.173,0.000,0.024,1.5524
1785822351.747,6.900,ENGAGED,roll 1/3 RECOVER,14,1,0.874,-0.013,-3.383,-0.028,-0.012,0.035,1.5512
1785822351.847,7.000,ENGAGED,roll 1/3 RECOVER,14,1,0.859,-0.015,-3.379,-0.229,-0.000,0.041,1.5507
1785822351.947,7.100,ENGAGED,roll 1/3 RECOVER,14,1,0.829,-0.016,-3.375,-0.375,-0.005,0.041,1.5517
1785822352.047,7.200,ENGAGED,roll 1/3 RECOVER,14,1,0.773,-0.018,-3.371,-0.524,-0.007,0.036,1.5521
1785822352.147,7.300,ENGAGED,roll 1/3 RECOVER,14,1,0.703,-0.020,-3.367,-0.632,-0.006,0.029,1.5526
1785822352.247,7.400,ENGAGED,roll 1/3 RECOVER,14,1,0.634,-0.022,-3.365,-0.702,0.005,0.026,1.5521
1785822352.347,7.500,ENGAGED,roll 1/3 RECOVER,14,1,0.547,-0.024,-3.362,-0.748,0.011,0.021,1.5517
1785822352.447,7.600,ENGAGED,roll 1/3 RECOVER,14,1,0.476,-0.025,-3.360,-0.758,0.002,0.017,1.5516
1785822352.547,7.700,ENGAGED,roll 1/3 RECOVER,14,1,0.386,-0.026,-3.359,-0.756,0.005,0.014,1.5515
1785822352.647,7.800,ENGAGED,roll 1/3 RECOVER,14,1,0.298,-0.026,-3.358,-0.733,0.007,0.011,1.5507
1785822352.747,7.900,ENGAGED,roll 1/3 RECOVER,14,1,0.214,-0.026,-3.357,-0.697,0.013,0.008,1.5505
1785822352.847,8.000,ENGAGED,roll 1/3 RECOVER,14,1,0.146,-0.026,-3.356,-0.658,0.028,0.006,1.5511
1785822352.947,8.100,ENGAGED,roll 1/3 RECOVER,14,1,0.074,-0.025,-3.355,-0.597,0.029,0.006,1.5514
1785822353.047,8.200,ENGAGED,roll 1/3 RECOVER,14,1,0.009,-0.024,-3.354,-0.531,0.025,0.005,1.5516
1785822353.147,8.300,ENGAGED,roll 1/3 RECOVER,14,1,-0.048,-0.024,-3.352,-0.460,0.021,0.004,1.5516
1785822353.247,8.400,ENGAGED,roll 1/3 RECOVER,14,1,-0.087,-0.023,-3.352,-0.407,0.017,0.003,1.5510
1785822353.347,8.500,ENGAGED,roll 1/3 RECOVER,14,1,-0.124,-0.024,-3.351,-0.348,0.019,0.000,1.5514
1785822353.447,8.600,ENGAGED,roll 1/3 RECOVER,14,1,-0.159,-0.025,-3.351,-0.280,0.014,-0.000,1.5506
1785822353.547,8.700,ENGAGED,roll 1/3 RECOVER,14,1,-0.182,-0.025,-3.351,-0.230,0.007,-0.000,1.5492
1785822353.647,8.800,ENGAGED,roll 1/3 RECOVER,14,1,-0.204,-0.025,-3.352,-0.175,0.010,-0.001,1.5488
1785822353.747,8.900,ENGAGED,roll 2/3 PULSEA +10°,14,1,-0.222,-0.025,-3.352,-0.109,0.008,0.000,1.5488
1785822353.847,9.000,ENGAGED,roll 2/3 PULSEA +10°,14,1,-0.230,-0.025,-3.352,-0.080,0.024,-0.001,1.5493
1785822353.947,9.100,ENGAGED,roll 2/3 PULSEA +10°,14,1,-0.236,-0.024,-3.352,-0.042,0.027,-0.003,1.5492
1785822354.047,9.200,ENGAGED,roll 2/3 PULSEA +10°,14,1,-0.238,-0.022,-3.352,-0.020,0.026,-0.003,1.5493
1785822354.147,9.301,ENGAGED,roll 2/3 PULSEB -10°,14,1,-0.239,-0.020,-3.352,-0.002,0.024,-0.004,1.5496
1785822354.247,9.400,ENGAGED,roll 2/3 PULSEB -10°,14,1,-0.238,-0.019,-3.353,0.017,0.014,-0.005,1.5489
1785822354.347,9.500,ENGAGED,roll 2/3 PULSEB -10°,14,1,-0.235,-0.017,-3.353,0.048,0.015,-0.010,1.5487
1785822354.447,9.600,ENGAGED,roll 2/3 PULSEB -10°,14,1,-0.228,-0.015,-3.354,0.116,0.025,-0.014,1.5494
1785822354.547,9.700,ENGAGED,roll 2/3 RECOVER,14,1,-0.206,-0.014,-3.355,0.256,0.018,-0.013,1.5497
1785822354.647,9.800,ENGAGED,roll 2/3 RECOVER,14,1,-0.173,-0.012,-3.355,0.404,0.006,-0.011,1.5492
1785822354.747,9.900,ENGAGED,roll 2/3 RECOVER,14,1,-0.115,-0.011,-3.355,0.563,0.002,-0.005,1.5495
1785822354.847,10.000,ENGAGED,roll 2/3 RECOVER,14,1,-0.058,-0.010,-3.355,0.612,0.010,-0.010,1.5504
1785822354.947,10.100,ENGAGED,roll 2/3 RECOVER,14,1,0.014,-0.009,-3.356,0.582,0.005,-0.011,1.5499
1785822355.047,10.200,ENGAGED,roll 2/3 RECOVER,14,1,0.070,-0.008,-3.356,0.504,-0.002,-0.008,1.5486
1785822355.147,10.300,ENGAGED,roll 2/3 RECOVER,14,1,0.124,-0.007,-3.356,0.387,-0.002,-0.003,1.5485
1785822355.247,10.400,ENGAGED,roll 2/3 RECOVER,14,1,0.157,-0.007,-3.355,0.290,0.008,0.001,1.5497
1785822355.347,10.500,ENGAGED,roll 2/3 RECOVER,14,1,0.182,-0.007,-3.354,0.197,-0.006,0.003,1.5497
1785822355.447,10.600,ENGAGED,roll 2/3 RECOVER,14,1,0.200,-0.006,-3.353,0.101,-0.005,0.003,1.5496
1785822355.547,10.700,ENGAGED,roll 2/3 RECOVER,14,1,0.206,-0.006,-3.353,0.028,0.011,0.001,1.5499
1785822355.647,10.800,ENGAGED,roll 2/3 RECOVER,14,1,0.206,-0.005,-3.353,-0.042,0.012,-0.001,1.5499
1785822355.747,10.900,ENGAGED,roll 2/3 RECOVER,14,1,0.200,-0.004,-3.353,-0.091,-0.000,-0.002,1.5497
1785822355.847,11.000,ENGAGED,roll 2/3 RECOVER,14,1,0.190,-0.003,-3.353,-0.137,0.012,-0.002,1.5500
1785822355.947,11.100,ENGAGED,roll 2/3 RECOVER,14,1,0.173,-0.003,-3.353,-0.175,0.012,-0.002,1.5506
1785822356.047,11.200,ENGAGED,roll 2/3 RECOVER,14,1,0.156,-0.002,-3.353,-0.192,0.000,-0.001,1.5501
1785822356.147,11.300,ENGAGED,roll 2/3 RECOVER,14,1,0.139,-0.002,-3.353,-0.212,0.008,0.001,1.5500
1785822356.247,11.400,ENGAGED,roll 2/3 RECOVER,14,1,0.115,-0.002,-3.353,-0.224,0.011,0.001,1.5505
1785822356.347,11.500,ENGAGED,roll 2/3 RECOVER,14,1,0.095,-0.002,-3.353,-0.222,0.002,-0.001,1.5509
1785822356.447,11.600,ENGAGED,roll 2/3 RECOVER,14,1,0.071,-0.002,-3.354,-0.216,-0.002,-0.001,1.5507
1785822356.547,11.700,ENGAGED,roll 2/3 RECOVER,14,1,0.048,-0.002,-3.354,-0.206,-0.007,-0.001,1.5509
1785822356.647,11.800,ENGAGED,roll 2/3 RECOVER,14,1,0.031,-0.003,-3.354,-0.200,0.005,-0.001,1.5512
1785822356.746,11.900,ENGAGED,roll 2/3 RECOVER,14,1,0.011,-0.003,-3.354,-0.184,0.009,-0.001,1.5516
1785822356.847,12.000,ENGAGED,roll 2/3 RECOVER,14,1,-0.005,-0.004,-3.354,-0.165,-0.006,-0.001,1.5518
1785822356.947,12.100,ENGAGED,roll 2/3 RECOVER,14,1,-0.018,-0.005,-3.354,-0.157,-0.000,0.000,1.5515
1785822357.046,12.200,ENGAGED,roll 2/3 RECOVER,14,1,-0.033,-0.007,-3.355,-0.140,0.002,-0.002,1.5516
1785822357.146,12.300,ENGAGED,roll 2/3 RECOVER,14,1,-0.045,-0.009,-3.356,-0.118,-0.006,-0.004,1.5518
1785822357.247,12.400,ENGAGED,roll 2/3 RECOVER,14,1,-0.057,-0.011,-3.356,-0.101,-0.001,0.002,1.5512
1785822357.347,12.500,ENGAGED,roll 2/3 RECOVER,14,1,-0.065,-0.013,-3.357,-0.081,-0.014,0.001,1.5502
1785822357.447,12.600,ENGAGED,roll 2/3 RECOVER,14,1,-0.071,-0.015,-3.357,-0.076,0.000,0.000,1.5493
1785822357.547,12.701,ENGAGED,roll 3/3 PULSEA +10°,14,1,-0.077,-0.017,-3.358,-0.059,0.005,0.002,1.5492
1785822357.647,12.800,ENGAGED,roll 3/3 PULSEA +10°,14,1,-0.081,-0.018,-3.358,-0.045,-0.005,0.001,1.5495
1785822357.747,12.900,ENGAGED,roll 3/3 PULSEA +10°,14,1,-0.083,-0.019,-3.359,-0.046,0.004,-0.001,1.5495
1785822357.847,13.000,ENGAGED,roll 3/3 PULSEA +10°,14,1,-0.086,-0.020,-3.359,-0.044,0.010,0.002,1.5494
1785822357.947,13.100,ENGAGED,roll 3/3 PULSEB -10°,14,1,-0.089,-0.021,-3.360,-0.040,0.014,0.002,1.5499
1785822358.047,13.200,ENGAGED,roll 3/3 PULSEB -10°,14,1,-0.091,-0.021,-3.360,-0.024,0.005,-0.002,1.5496
1785822358.147,13.300,ENGAGED,roll 3/3 PULSEB -10°,14,1,-0.088,-0.022,-3.361,0.051,0.003,-0.009,1.5490
1785822358.247,13.400,ENGAGED,roll 3/3 PULSEB -10°,14,1,-0.078,-0.022,-3.362,0.153,0.016,-0.009,1.5495
1785822358.347,13.500,ENGAGED,roll 3/3 RECOVER,14,1,-0.040,-0.023,-3.363,0.357,-0.001,-0.002,1.5493
1785822358.447,13.600,ENGAGED,roll 3/3 RECOVER,14,1,0.002,-0.024,-3.363,0.498,0.007,0.003,1.5498
1785822358.547,13.700,ENGAGED,roll 3/3 RECOVER,14,1,0.073,-0.026,-3.363,0.682,-0.002,0.009,1.5500
1785822358.647,13.800,ENGAGED,roll 3/3 RECOVER,14,1,0.153,-0.027,-3.362,0.842,-0.016,0.016,1.5495
1785822358.747,13.900,ENGAGED,roll 3/3 RECOVER,14,1,0.265,-0.030,-3.360,1.022,-0.019,0.023,1.5499
1785822358.847,14.000,ENGAGED,roll 3/3 RECOVER,14,1,0.371,-0.032,-3.359,1.160,-0.011,-0.005,1.5510
1785822358.947,14.100,ENGAGED,roll 3/3 RECOVER,14,1,0.516,-0.035,-3.364,1.201,-0.018,-0.066,1.5514
1785822359.047,14.200,ENGAGED,roll 3/3 RECOVER,14,1,0.653,-0.038,-3.374,1.045,-0.018,-0.078,1.5500
1785822359.147,14.300,ENGAGED,roll 3/3 RECOVER,14,1,0.751,-0.040,-3.380,0.816,-0.014,-0.048,1.5483
1785822359.247,14.400,ENGAGED,roll 3/3 RECOVER,14,1,0.832,-0.041,-3.384,0.513,-0.002,-0.004,1.5485
1785822359.347,14.500,ENGAGED,roll 3/3 RECOVER,14,1,0.877,-0.041,-3.383,0.216,0.008,0.024,1.5497
1785822359.447,14.600,ENGAGED,roll 3/3 RECOVER,14,1,0.888,-0.041,-3.380,0.006,0.010,0.035,1.5503
1785822359.547,14.700,ENGAGED,roll 3/3 RECOVER,14,1,0.875,-0.040,-3.376,-0.220,0.009,0.039,1.5494
1785822359.647,14.800,ENGAGED,roll 3/3 RECOVER,14,1,0.843,-0.039,-3.373,-0.389,0.018,0.037,1.5488
1785822359.747,14.900,ENGAGED,roll 3/3 RECOVER,14,1,0.801,-0.038,-3.371,-0.514,0.024,0.035,1.5504
1785822359.847,15.000,ENGAGED,roll 3/3 RECOVER,14,1,0.733,-0.036,-3.369,-0.629,0.023,0.031,1.5510
1785822359.947,15.100,ENGAGED,roll 3/3 RECOVER,14,1,0.654,-0.035,-3.367,-0.709,0.021,0.026,1.5505
1785822360.047,15.200,ENGAGED,roll 3/3 RECOVER,14,1,0.568,-0.033,-3.366,-0.754,0.018,0.023,1.5503
1785822360.147,15.300,ENGAGED,roll 3/3 RECOVER,14,1,0.491,-0.031,-3.365,-0.775,0.029,0.020,1.5506
1785822360.247,15.400,ENGAGED,roll 3/3 RECOVER,14,1,0.402,-0.029,-3.364,-0.772,0.035,0.020,1.5510
1785822360.347,15.500,ENGAGED,roll 3/3 RECOVER,14,1,0.315,-0.026,-3.363,-0.747,0.038,0.015,1.5509
1785822360.447,15.600,ENGAGED,roll 3/3 RECOVER,14,1,0.232,-0.023,-3.362,-0.707,0.036,0.015,1.5509
1785822360.547,15.700,ENGAGED,roll 3/3 RECOVER,14,1,0.154,-0.021,-3.362,-0.658,0.033,0.013,1.5511
1785822360.647,15.800,ENGAGED,roll 3/3 RECOVER,14,1,0.082,-0.018,-3.361,-0.595,0.027,0.014,1.5510
1785822360.747,15.900,ENGAGED,roll 3/3 RECOVER,14,1,0.030,-0.017,-3.361,-0.547,0.025,0.012,1.5504
1785822360.847,16.000,ENGAGED,roll 3/3 RECOVER,14,1,-0.028,-0.015,-3.360,-0.483,0.026,0.011,1.5507
1785822360.947,16.100,ENGAGED,roll 3/3 RECOVER,14,1,-0.073,-0.015,-3.360,-0.425,0.021,0.008,1.5516
1785822361.047,16.200,ENGAGED,roll 3/3 RECOVER,14,1,-0.117,-0.014,-3.359,-0.357,0.012,0.010,1.5515
1785822361.147,16.300,ENGAGED,roll 3/3 RECOVER,14,1,-0.148,-0.014,-3.359,-0.308,0.010,0.008,1.5504
1785822361.247,16.400,ENGAGED,roll 3/3 RECOVER,14,1,-0.175,-0.015,-3.358,-0.255,0.015,0.007,1.5511
1785822361.347,16.500,ENGAGED,pitch 1/3 PULSEA +10°,14,1,-0.200,-0.015,-3.358,-0.197,0.009,0.005,1.5500
1785822361.447,16.600,ENGAGED,pitch 1/3 PULSEA +10°,14,1,-0.215,-0.015,-3.357,-0.151,-0.001,0.003,1.5484
1785822361.547,16.700,ENGAGED,pitch 1/3 PULSEA +10°,14,1,-0.229,-0.016,-3.357,-0.106,-0.005,0.001,1.5488
1785822361.647,16.800,ENGAGED,pitch 1/3 PULSEA +10°,14,1,-0.237,-0.018,-3.357,-0.072,-0.014,-0.010,1.5490
1785822361.747,16.900,ENGAGED,pitch 1/3 PULSEB -10°,14,1,-0.242,-0.025,-3.358,-0.041,-0.096,-0.013,1.5484
1785822361.847,17.000,ENGAGED,pitch 1/3 PULSEB -10°,14,1,-0.245,-0.039,-3.360,-0.031,-0.195,-0.036,1.5485
1785822361.947,17.100,ENGAGED,pitch 1/3 PULSEB -10°,14,1,-0.248,-0.065,-3.364,-0.025,-0.204,-0.039,1.5489
1785822362.047,17.200,ENGAGED,pitch 1/3 PULSEB -10°,14,1,-0.250,-0.083,-3.367,-0.024,-0.120,-0.031,1.5495
1785822362.147,17.300,ENGAGED,pitch 1/3 RECOVER,14,1,-0.251,-0.090,-3.369,-0.016,-0.018,-0.024,1.5488
1785822362.247,17.400,ENGAGED,pitch 1/3 RECOVER,14,1,-0.252,-0.082,-3.369,-0.011,0.156,-0.010,1.5491
1785822362.347,17.500,ENGAGED,pitch 1/3 RECOVER,14,1,-0.253,-0.057,-3.368,-0.010,0.324,0.007,1.5502
1785822362.447,17.600,ENGAGED,pitch 1/3 RECOVER,14,1,-0.253,-0.020,-3.366,0.001,0.456,0.014,1.5498
1785822362.547,17.700,ENGAGED,pitch 1/3 RECOVER,14,1,-0.252,0.044,-3.364,0.006,0.578,0.001,1.5496
1785822362.647,17.800,ENGAGED,pitch 1/3 RECOVER,14,1,-0.251,0.105,-3.364,0.014,0.585,-0.008,1.5497
1785822362.747,17.900,ENGAGED,pitch 1/3 RECOVER,14,1,-0.249,0.158,-3.364,0.042,0.505,-0.008,1.5501
1785822362.847,18.000,ENGAGED,pitch 1/3 RECOVER,14,1,-0.243,0.211,-3.363,0.075,0.379,0.001,1.5500
1785822362.947,18.100,ENGAGED,pitch 1/3 RECOVER,14,1,-0.235,0.244,-3.362,0.097,0.271,0.005,1.5496
1785822363.047,18.200,ENGAGED,pitch 1/3 RECOVER,14,1,-0.223,0.267,-3.360,0.123,0.148,0.008,1.5492
1785822363.147,18.300,ENGAGED,pitch 1/3 RECOVER,14,1,-0.211,0.274,-3.358,0.146,0.050,0.010,1.5494
1785822363.247,18.400,ENGAGED,pitch 1/3 RECOVER,14,1,-0.194,0.274,-3.357,0.161,-0.041,0.010,1.5493
1785822363.347,18.500,ENGAGED,pitch 1/3 RECOVER,14,1,-0.178,0.265,-3.356,0.162,-0.094,0.006,1.5495
1785822363.447,18.600,ENGAGED,pitch 1/3 RECOVER,14,1,-0.159,0.248,-3.355,0.166,-0.151,0.005,1.5497
1785822363.547,18.700,ENGAGED,pitch 1/3 RECOVER,14,1,-0.144,0.231,-3.354,0.171,-0.197,0.004,1.5495
1785822363.646,18.800,ENGAGED,pitch 1/3 RECOVER,14,1,-0.128,0.208,-3.354,0.162,-0.220,0.002,1.5491
1785822363.747,18.900,ENGAGED,pitch 1/3 RECOVER,14,1,-0.110,0.180,-3.354,0.154,-0.235,0.001,1.5493
1785822363.847,19.000,ENGAGED,pitch 1/3 RECOVER,14,1,-0.097,0.157,-3.354,0.149,-0.247,-0.001,1.5497
1785822363.947,19.100,ENGAGED,pitch 1/3 RECOVER,14,1,-0.083,0.131,-3.353,0.137,-0.251,-0.001,1.5488
1785822364.046,19.200,ENGAGED,pitch 1/3 RECOVER,14,1,-0.069,0.102,-3.353,0.120,-0.244,0.000,1.5488
1785822364.147,19.300,ENGAGED,pitch 1/3 RECOVER,14,1,-0.059,0.078,-3.353,0.111,-0.233,-0.001,1.5498
1785822364.247,19.400,ENGAGED,pitch 1/3 RECOVER,14,1,-0.048,0.055,-3.353,0.105,-0.231,0.000,1.5488
1785822364.347,19.500,ENGAGED,pitch 1/3 RECOVER,14,1,-0.038,0.029,-3.353,0.092,-0.212,-0.001,1.5483
1785822364.446,19.600,ENGAGED,pitch 1/3 RECOVER,14,1,-0.030,0.010,-3.353,0.079,-0.185,-0.002,1.5492
1785822364.547,19.700,ENGAGED,pitch 1/3 RECOVER,14,1,-0.022,-0.012,-3.353,0.068,-0.169,-0.003,1.5495
1785822364.647,19.800,ENGAGED,pitch 1/3 RECOVER,14,1,-0.016,-0.029,-3.353,0.061,-0.161,-0.002,1.5490
1785822364.747,19.900,ENGAGED,pitch 1/3 RECOVER,14,1,-0.010,-0.046,-3.353,0.049,-0.138,-0.002,1.5490
1785822364.847,20.000,ENGAGED,pitch 1/3 RECOVER,14,1,-0.006,-0.058,-3.353,0.037,-0.109,-0.002,1.5501
1785822364.947,20.100,ENGAGED,pitch 1/3 RECOVER,14,1,-0.003,-0.071,-3.353,0.027,-0.093,-0.003,1.5505
1785822365.047,20.200,ENGAGED,pitch 1/3 RECOVER,14,1,-0.001,-0.081,-3.353,0.018,-0.077,-0.001,1.5508
1785822365.147,20.300,ENGAGED,pitch 2/3 PULSEA +10°,14,1,-0.000,-0.088,-3.353,0.010,-0.067,-0.002,1.5501
1785822365.247,20.400,ENGAGED,pitch 2/3 PULSEA +10°,14,1,-0.000,-0.094,-3.353,0.001,-0.044,-0.001,1.5513
1785822365.347,20.500,ENGAGED,pitch 2/3 PULSEA +10°,14,1,-0.001,-0.099,-3.353,0.001,-0.052,-0.009,1.5507
1785822365.447,20.600,ENGAGED,pitch 2/3 PULSEA +10°,14,1,-0.002,-0.108,-3.355,-0.004,-0.114,-0.015,1.5500
1785822365.547,20.700,ENGAGED,pitch 2/3 PULSEB -10°,14,1,-0.003,-0.123,-3.356,-0.014,-0.199,-0.018,1.5503
1785822365.647,20.800,ENGAGED,pitch 2/3 PULSEB -10°,14,1,-0.004,-0.151,-3.359,-0.013,-0.335,-0.036,1.5503
1785822365.747,20.900,ENGAGED,pitch 2/3 PULSEB -10°,14,1,-0.006,-0.186,-3.363,-0.019,-0.364,-0.038,1.5502
1785822365.847,21.000,ENGAGED,pitch 2/3 PULSEB -10°,14,1,-0.007,-0.227,-3.367,-0.018,-0.292,-0.033,1.5500
1785822365.947,21.100,ENGAGED,pitch 2/3 RECOVER,14,1,-0.008,-0.255,-3.370,-0.014,-0.144,-0.020,1.5501
1785822366.047,21.200,ENGAGED,pitch 2/3 RECOVER,14,1,-0.009,-0.263,-3.371,-0.008,0.033,-0.002,1.5503
1785822366.147,21.300,ENGAGED,pitch 2/3 RECOVER,14,1,-0.010,-0.249,-3.371,-0.004,0.222,0.009,1.5505
1785822366.247,21.400,ENGAGED,pitch 2/3 RECOVER,14,1,-0.010,-0.219,-3.370,0.003,0.335,0.014,1.5495
1785822366.347,21.500,ENGAGED,pitch 2/3 RECOVER,14,1,-0.011,-0.175,-3.368,0.002,0.385,0.013,1.5494
1785822366.447,21.600,ENGAGED,pitch 2/3 RECOVER,14,1,-0.013,-0.129,-3.367,-0.003,0.370,0.013,1.5496
1785822366.547,21.700,ENGAGED,pitch 2/3 RECOVER,14,1,-0.014,-0.096,-3.367,-0.005,0.337,0.011,1.5508
1785822366.647,21.800,ENGAGED,pitch 2/3 RECOVER,14,1,-0.017,-0.061,-3.366,-0.010,0.276,0.008,1.5509
1785822366.747,21.900,ENGAGED,pitch 2/3 RECOVER,14,1,-0.020,-0.036,-3.366,-0.009,0.221,0.011,1.5507
1785822366.847,22.000,ENGAGED,pitch 2/3 RECOVER,14,1,-0.023,-0.014,-3.366,-0.010,0.170,0.010,1.5505
1785822366.947,22.100,ENGAGED,pitch 2/3 RECOVER,14,1,-0.026,0.001,-3.365,-0.010,0.128,0.011,1.5497
1785822367.047,22.200,ENGAGED,pitch 2/3 RECOVER,14,1,-0.028,0.010,-3.365,-0.004,0.093,0.011,1.5497
1785822367.147,22.300,ENGAGED,pitch 2/3 RECOVER,14,1,-0.030,0.017,-3.364,-0.003,0.059,0.011,1.5487
1785822367.247,22.400,ENGAGED,pitch 2/3 RECOVER,14,1,-0.032,0.021,-3.364,-0.005,0.033,0.011,1.5489
1785822367.347,22.500,ENGAGED,pitch 2/3 RECOVER,14,1,-0.035,0.022,-3.363,-0.005,0.013,0.009,1.5494
1785822367.447,22.600,ENGAGED,pitch 2/3 RECOVER,14,1,-0.036,0.021,-3.362,-0.000,-0.008,0.008,1.5499
1785822367.547,22.700,ENGAGED,pitch 2/3 RECOVER,14,1,-0.038,0.019,-3.361,0.003,-0.025,0.010,1.5492
1785822367.647,22.800,ENGAGED,pitch 2/3 RECOVER,14,1,-0.040,0.015,-3.360,0.006,-0.038,0.007,1.5488
1785822367.747,22.900,ENGAGED,pitch 2/3 RECOVER,14,1,-0.041,0.011,-3.360,0.004,-0.037,0.007,1.5486
1785822367.847,23.000,ENGAGED,pitch 2/3 RECOVER,14,1,-0.041,0.006,-3.359,0.015,-0.052,0.006,1.5479
1785822367.947,23.100,ENGAGED,pitch 2/3 RECOVER,14,1,-0.040,0.001,-3.358,0.012,-0.042,0.005,1.5483
1785822368.047,23.200,ENGAGED,pitch 2/3 RECOVER,14,1,-0.040,-0.005,-3.358,0.011,-0.042,0.003,1.5489
1785822368.147,23.300,ENGAGED,pitch 2/3 RECOVER,14,1,-0.040,-0.009,-3.357,0.015,-0.054,0.002,1.5488
1785822368.247,23.400,ENGAGED,pitch 2/3 RECOVER,14,1,-0.040,-0.013,-3.357,0.014,-0.050,0.003,1.5490
1785822368.347,23.500,ENGAGED,pitch 2/3 RECOVER,14,1,-0.040,-0.017,-3.356,0.012,-0.041,0.000,1.5494
1785822368.447,23.600,ENGAGED,pitch 2/3 RECOVER,14,1,-0.041,-0.020,-3.355,0.010,-0.034,-0.002,1.5502
1785822368.547,23.700,ENGAGED,pitch 2/3 RECOVER,14,1,-0.041,-0.024,-3.355,0.010,-0.028,-0.002,1.5507
1785822368.647,23.800,ENGAGED,pitch 2/3 RECOVER,14,1,-0.041,-0.026,-3.355,0.013,-0.022,-0.002,1.5513
1785822368.747,23.900,ENGAGED,pitch 2/3 RECOVER,14,1,-0.041,-0.029,-3.355,0.016,-0.021,-0.002,1.5515
1785822368.847,24.000,ENGAGED,pitch 2/3 RECOVER,14,1,-0.040,-0.030,-3.354,0.014,-0.013,-0.002,1.5516
1785822368.947,24.100,ENGAGED,pitch 3/3 PULSEA +10°,14,1,-0.040,-0.032,-3.354,0.013,-0.009,-0.004,1.5514
1785822369.047,24.200,ENGAGED,pitch 3/3 PULSEA +10°,14,1,-0.040,-0.033,-3.353,0.020,-0.019,-0.004,1.5515
1785822369.147,24.300,ENGAGED,pitch 3/3 PULSEA +10°,14,1,-0.039,-0.035,-3.354,0.017,-0.017,-0.003,1.5517
1785822369.247,24.400,ENGAGED,pitch 3/3 PULSEA +10°,14,1,-0.039,-0.038,-3.354,0.017,-0.030,-0.004,1.5515
1785822369.347,24.500,ENGAGED,pitch 3/3 PULSEB -10°,14,1,-0.038,-0.042,-3.354,0.017,-0.051,-0.012,1.5509
1785822369.447,24.600,ENGAGED,pitch 3/3 PULSEB -10°,14,1,-0.038,-0.051,-3.356,0.015,-0.114,-0.040,1.5505
1785822369.547,24.700,ENGAGED,pitch 3/3 PULSEB -10°,14,1,-0.037,-0.063,-3.360,0.015,-0.093,-0.041,1.5502
1785822369.647,24.800,ENGAGED,pitch 3/3 PULSEB -10°,14,1,-0.037,-0.067,-3.363,0.014,0.021,-0.031,1.5498
1785822369.747,24.900,ENGAGED,pitch 3/3 RECOVER,14,1,-0.036,-0.058,-3.365,0.008,0.161,-0.019,1.5501
1785822369.847,25.000,ENGAGED,pitch 3/3 RECOVER,14,1,-0.035,-0.029,-3.365,0.011,0.335,-0.004,1.5504
1785822369.947,25.100,ENGAGED,pitch 3/3 RECOVER,14,1,-0.033,0.022,-3.363,0.016,0.513,0.012,1.5504
1785822370.047,25.200,ENGAGED,pitch 3/3 RECOVER,14,1,-0.032,0.094,-3.360,0.017,0.686,0.026,1.5502
1785822370.147,25.300,ENGAGED,pitch 3/3 RECOVER,14,1,-0.030,0.172,-3.358,0.017,0.790,-0.008,1.5495
1785822370.247,25.400,ENGAGED,pitch 3/3 RECOVER,14,1,-0.029,0.267,-3.360,0.014,0.764,-0.030,1.5495
1785822370.347,25.500,ENGAGED,pitch 3/3 RECOVER,14,1,-0.027,0.350,-3.363,0.010,0.623,-0.023,1.5501
1785822370.447,25.600,ENGAGED,pitch 3/3 RECOVER,14,1,-0.026,0.412,-3.364,0.005,0.436,-0.008,1.5504
1785822370.547,25.700,ENGAGED,pitch 3/3 RECOVER,14,1,-0.025,0.451,-3.363,0.004,0.249,0.007,1.5503
1785822370.647,25.800,ENGAGED,pitch 3/3 RECOVER,14,1,-0.024,0.467,-3.361,0.011,0.097,0.012,1.5500
1785822370.747,25.900,ENGAGED,pitch 3/3 RECOVER,14,1,-0.023,0.468,-3.359,0.009,-0.052,0.013,1.5497
1785822370.847,26.000,ENGAGED,pitch 3/3 RECOVER,14,1,-0.022,0.454,-3.357,0.007,-0.167,0.011,1.5495
1785822370.947,26.100,ENGAGED,pitch 3/3 RECOVER,14,1,-0.021,0.428,-3.356,0.003,-0.253,0.009,1.5493
1785822371.046,26.200,ENGAGED,pitch 3/3 RECOVER,14,1,-0.020,0.385,-3.355,0.006,-0.337,0.006,1.5496
1785822371.147,26.300,ENGAGED,pitch 3/3 RECOVER,14,1,-0.019,0.342,-3.354,0.006,-0.380,0.005,1.5499
1785822371.247,26.400,ENGAGED,pitch 3/3 RECOVER,14,1,-0.018,0.296,-3.354,0.005,-0.400,0.004,1.5496
1785822371.347,26.500,ENGAGED,pitch 3/3 RECOVER,14,1,-0.017,0.249,-3.354,0.002,-0.404,0.003,1.5496
1785822371.447,26.600,ENGAGED,pitch 3/3 RECOVER,14,1,-0.016,0.211,-3.353,0.002,-0.396,0.002,1.5503
1785822371.547,26.700,ENGAGED,pitch 3/3 RECOVER,14,1,-0.015,0.171,-3.353,0.004,-0.394,0.000,1.5496
1785822371.647,26.800,ENGAGED,pitch 3/3 RECOVER,14,1,-0.014,0.127,-3.353,0.001,-0.372,0.000,1.5493
1785822371.747,26.900,ENGAGED,pitch 3/3 RECOVER,14,1,-0.013,0.086,-3.353,-0.000,-0.342,0.001,1.5491
1785822371.847,27.000,ENGAGED,pitch 3/3 RECOVER,14,1,-0.012,0.055,-3.353,0.001,-0.315,0.002,1.5497
1785822371.947,27.100,ENGAGED,pitch 3/3 RECOVER,14,1,-0.010,0.020,-3.353,0.003,-0.289,0.001,1.5489
1785822372.047,27.200,ENGAGED,pitch 3/3 RECOVER,14,1,-0.010,-0.008,-3.353,0.000,-0.264,0.000,1.5476
1785822372.147,27.300,ENGAGED,pitch 3/3 RECOVER,14,1,-0.009,-0.036,-3.354,-0.004,-0.230,0.001,1.5482
1785822372.247,27.400,ENGAGED,pitch 3/3 RECOVER,14,1,-0.009,-0.056,-3.354,-0.005,-0.201,0.001,1.5494
1785822372.347,27.500,ENGAGED,pitch 3/3 RECOVER,14,1,-0.009,-0.078,-3.354,-0.006,-0.173,0.003,1.5498
1785822372.447,27.600,ENGAGED,pitch 3/3 RECOVER,14,1,-0.010,-0.096,-3.354,-0.005,-0.144,0.001,1.5501
1785822372.547,27.700,ENGAGED,pitch 3/3 RECOVER,14,1,-0.010,-0.110,-3.354,-0.005,-0.114,0.001,1.5506
1785822372.647,27.800,ENGAGED,pitch 3/3 RECOVER,14,1,-0.009,-0.120,-3.355,-0.003,-0.082,-0.000,1.5509
1785822372.747,27.900,ENGAGED,yaw 1/3 PULSEA +10°,14,1,-0.009,-0.127,-3.356,-0.003,-0.053,-0.002,1.5512
1785822372.847,28.000,ENGAGED,yaw 1/3 PULSEA +10°,14,1,-0.008,-0.131,-3.357,-0.005,-0.027,0.001,1.5519
1785822372.947,28.100,ENGAGED,yaw 1/3 PULSEA +10°,14,1,-0.008,-0.133,-3.358,-0.007,-0.005,0.001,1.5550
1785822373.047,28.200,ENGAGED,yaw 1/3 PULSEA +10°,14,1,-0.007,-0.134,-3.359,-0.006,0.008,0.001,1.5591
1785822373.147,28.300,ENGAGED,yaw 1/3 PULSEB -10°,14,1,-0.007,-0.133,-3.360,-0.006,0.019,0.002,1.5599
1785822373.247,28.400,ENGAGED,yaw 1/3 PULSEB -10°,14,1,-0.008,-0.131,-3.361,-0.006,0.027,-0.006,1.5515
1785822373.347,28.500,ENGAGED,yaw 1/3 PULSEB -10°,14,1,-0.008,-0.128,-3.363,0.001,0.037,-0.021,1.4935
1785822373.447,28.600,ENGAGED,yaw 1/3 PULSEB -10°,14,1,-0.006,-0.126,-3.368,0.011,0.038,-0.030,1.4263
1785822373.547,28.700,ENGAGED,yaw 1/3 RECOVER,14,1,-0.005,-0.125,-3.372,0.005,0.035,-0.034,1.4080
1785822373.647,28.800,ENGAGED,yaw 1/3 RECOVER,14,1,-0.005,-0.124,-3.378,-0.009,0.034,-0.035,1.4132
1785822373.747,28.900,ENGAGED,yaw 1/3 RECOVER,14,1,-0.006,-0.123,-3.382,-0.010,0.021,-0.035,1.4049
1785822373.847,29.000,ENGAGED,yaw 1/3 RECOVER,14,1,-0.008,-0.122,-3.387,-0.012,0.017,-0.035,1.3871
1785822373.947,29.100,ENGAGED,yaw 1/3 RECOVER,14,1,-0.011,-0.121,-3.392,-0.015,0.016,-0.036,1.3808
1785822374.047,29.200,ENGAGED,yaw 1/3 RECOVER,14,1,-0.013,-0.121,-3.395,-0.020,0.013,0.004,1.3914
1785822374.147,29.300,ENGAGED,yaw 1/3 RECOVER,14,1,-0.016,-0.120,-3.393,-0.029,0.021,0.027,1.4472
1785822374.247,29.400,ENGAGED,yaw 1/3 RECOVER,14,1,-0.019,-0.118,-3.389,-0.036,0.033,0.035,1.5058
1785822374.347,29.500,ENGAGED,yaw 1/3 RECOVER,14,1,-0.022,-0.115,-3.385,-0.022,0.049,0.036,1.5200
1785822374.447,29.600,ENGAGED,yaw 1/3 RECOVER,14,1,-0.022,-0.110,-3.382,-0.006,0.067,0.035,1.5166
1785822374.547,29.700,ENGAGED,yaw 1/3 RECOVER,14,1,-0.021,-0.104,-3.378,0.004,0.072,0.032,1.5244
1785822374.647,29.800,ENGAGED,yaw 1/3 RECOVER,14,1,-0.019,-0.097,-3.376,0.008,0.071,0.030,1.5367
1785822374.747,29.900,ENGAGED,yaw 1/3 RECOVER,14,1,-0.018,-0.089,-3.373,0.008,0.079,0.025,1.5452
1785822374.847,30.000,ENGAGED,yaw 1/3 RECOVER,14,1,-0.016,-0.082,-3.371,0.011,0.087,0.021,1.5455
1785822374.947,30.100,ENGAGED,yaw 1/3 RECOVER,14,1,-0.014,-0.073,-3.370,0.013,0.082,0.021,1.5453
1785822375.047,30.200,ENGAGED,yaw 1/3 RECOVER,14,1,-0.012,-0.064,-3.368,0.012,0.077,0.020,1.5468
1785822375.147,30.300,ENGAGED,yaw 1/3 RECOVER,14,1,-0.010,-0.056,-3.366,0.009,0.073,0.018,1.5476
1785822375.247,30.400,ENGAGED,yaw 1/3 RECOVER,14,1,-0.010,-0.047,-3.365,0.004,0.069,0.014,1.5484
1785822375.347,30.500,ENGAGED,yaw 1/3 RECOVER,14,1,-0.009,-0.039,-3.364,0.002,0.064,0.012,1.5493
1785822375.447,30.600,ENGAGED,yaw 1/3 RECOVER,14,1,-0.009,-0.032,-3.364,0.000,0.062,0.010,1.5499
1785822375.547,30.700,ENGAGED,yaw 1/3 RECOVER,14,1,-0.008,-0.025,-3.363,-0.003,0.059,0.008,1.5507
1785822375.647,30.800,ENGAGED,yaw 1/3 RECOVER,14,1,-0.008,-0.021,-3.362,-0.004,0.052,0.010,1.5519
1785822375.747,30.900,ENGAGED,yaw 1/3 RECOVER,14,1,-0.007,-0.017,-3.361,-0.002,0.040,0.010,1.5520
1785822375.847,31.000,ENGAGED,yaw 1/3 RECOVER,14,1,-0.007,-0.014,-3.360,-0.000,0.026,0.008,1.5519
1785822375.947,31.100,ENGAGED,yaw 1/3 RECOVER,14,1,-0.007,-0.012,-3.359,-0.004,0.022,0.007,1.5507
1785822376.047,31.200,ENGAGED,yaw 1/3 RECOVER,14,1,-0.006,-0.011,-3.358,-0.006,0.019,0.005,1.5492
1785822376.147,31.300,ENGAGED,yaw 1/3 RECOVER,14,1,-0.005,-0.010,-3.358,-0.008,0.017,0.004,1.5483
1785822376.247,31.400,ENGAGED,yaw 1/3 RECOVER,14,1,-0.005,-0.010,-3.357,-0.008,0.016,0.002,1.5488
1785822376.347,31.500,ENGAGED,yaw 1/3 RECOVER,14,1,-0.004,-0.010,-3.357,-0.007,0.010,0.002,1.5493
1785822376.447,31.600,ENGAGED,yaw 1/3 RECOVER,14,1,-0.004,-0.011,-3.357,-0.008,0.003,0.002,1.5496
1785822376.547,31.701,ENGAGED,yaw 2/3 PULSEA +10°,14,1,-0.003,-0.011,-3.357,-0.008,-0.004,0.004,1.5489
1785822376.647,31.800,ENGAGED,yaw 2/3 PULSEA +10°,14,1,-0.003,-0.012,-3.357,-0.005,-0.003,0.001,1.5516
1785822376.747,31.900,ENGAGED,yaw 2/3 PULSEA +10°,14,1,-0.003,-0.011,-3.357,-0.014,0.008,0.001,1.5544
1785822376.847,32.000,ENGAGED,yaw 2/3 PULSEA +10°,14,1,-0.003,-0.011,-3.357,-0.017,0.014,0.002,1.5602
1785822376.947,32.100,ENGAGED,yaw 2/3 PULSEB -10°,14,1,-0.003,-0.010,-3.357,-0.017,0.017,0.003,1.5620
1785822377.047,32.200,ENGAGED,yaw 2/3 PULSEB -10°,14,1,-0.003,-0.009,-3.357,-0.010,0.007,-0.001,1.5588
1785822377.147,32.300,ENGAGED,yaw 2/3 PULSEB -10°,14,1,-0.002,-0.008,-3.357,-0.002,0.005,-0.007,1.5417
1785822377.247,32.400,ENGAGED,yaw 2/3 PULSEB -10°,14,1,-0.001,-0.007,-3.358,0.000,0.019,-0.018,1.4970
1785822377.347,32.500,ENGAGED,yaw 2/3 RECOVER,14,1,0.002,-0.006,-3.360,0.011,0.016,-0.027,1.4320
1785822377.447,32.600,ENGAGED,yaw 2/3 RECOVER,14,1,0.004,-0.005,-3.362,0.015,0.001,-0.034,1.4086
1785822377.547,32.700,ENGAGED,yaw 2/3 RECOVER,14,1,0.005,-0.005,-3.364,0.001,0.000,-0.012,1.4182
1785822377.647,32.800,ENGAGED,yaw 2/3 RECOVER,14,1,0.004,-0.004,-3.364,-0.020,0.015,0.001,1.4593
1785822377.747,32.900,ENGAGED,yaw 2/3 RECOVER,14,1,0.000,-0.003,-3.362,-0.034,0.018,0.009,1.5126
1785822377.847,33.000,ENGAGED,yaw 2/3 RECOVER,14,1,-0.004,-0.002,-3.359,-0.024,0.003,0.010,1.5261
1785822377.947,33.100,ENGAGED,yaw 2/3 RECOVER,14,1,-0.007,-0.001,-3.358,-0.010,-0.003,0.007,1.5216
1785822378.047,33.200,ENGAGED,yaw 2/3 RECOVER,14,1,-0.008,-0.001,-3.357,-0.008,0.007,0.005,1.5252
1785822378.147,33.300,ENGAGED,yaw 2/3 RECOVER,14,1,-0.009,-0.001,-3.356,-0.004,0.005,0.005,1.5387
1785822378.247,33.400,ENGAGED,yaw 2/3 RECOVER,14,1,-0.010,-0.001,-3.356,-0.004,0.004,0.004,1.5461
1785822378.347,33.500,ENGAGED,yaw 2/3 RECOVER,14,1,-0.012,-0.001,-3.355,-0.004,-0.008,0.004,1.5447
1785822378.447,33.600,ENGAGED,yaw 2/3 RECOVER,14,1,-0.014,-0.001,-3.355,-0.002,-0.006,0.002,1.5451
1785822378.547,33.700,ENGAGED,yaw 2/3 RECOVER,14,1,-0.016,-0.001,-3.355,-0.007,0.007,0.002,1.5467
1785822378.647,33.800,ENGAGED,yaw 2/3 RECOVER,14,1,-0.018,-0.001,-3.354,-0.008,0.002,0.001,1.5472
1785822378.747,33.900,ENGAGED,yaw 2/3 RECOVER,14,1,-0.020,-0.000,-3.353,-0.005,0.003,0.003,1.5486
1785822378.847,34.000,ENGAGED,yaw 2/3 RECOVER,14,1,-0.022,-0.000,-3.353,-0.004,-0.001,-0.001,1.5494
1785822378.947,34.100,ENGAGED,yaw 2/3 RECOVER,14,1,-0.024,-0.000,-3.353,-0.003,-0.005,-0.001,1.5498
1785822379.047,34.200,ENGAGED,yaw 2/3 RECOVER,14,1,-0.025,-0.000,-3.352,-0.000,-0.002,-0.001,1.5507
1785822379.147,34.300,ENGAGED,yaw 2/3 RECOVER,14,1,-0.026,-0.000,-3.352,-0.004,0.005,0.000,1.5508
1785822379.247,34.400,ENGAGED,yaw 2/3 RECOVER,14,1,-0.026,-0.001,-3.351,0.000,0.002,-0.000,1.5516
1785822379.347,34.500,ENGAGED,yaw 2/3 RECOVER,14,1,-0.027,-0.002,-3.351,0.008,-0.011,-0.004,1.5512
1785822379.447,34.600,ENGAGED,yaw 2/3 RECOVER,14,1,-0.027,-0.003,-3.351,0.009,-0.018,-0.006,1.5507
1785822379.547,34.700,ENGAGED,yaw 2/3 RECOVER,14,1,-0.027,-0.005,-3.351,0.007,-0.012,-0.005,1.5504
1785822379.647,34.800,ENGAGED,yaw 2/3 RECOVER,14,1,-0.027,-0.008,-3.351,0.012,-0.016,-0.005,1.5490
1785822379.746,34.900,ENGAGED,yaw 2/3 RECOVER,14,1,-0.027,-0.010,-3.351,0.011,-0.017,-0.004,1.5482
1785822379.847,35.000,ENGAGED,yaw 2/3 RECOVER,14,1,-0.027,-0.013,-3.351,0.006,-0.013,-0.004,1.5487
1785822379.947,35.100,ENGAGED,yaw 2/3 RECOVER,14,1,-0.028,-0.016,-3.351,0.006,-0.011,-0.004,1.5497
1785822380.047,35.200,ENGAGED,yaw 2/3 RECOVER,14,1,-0.029,-0.019,-3.351,0.009,-0.012,-0.005,1.5497
1785822380.147,35.300,ENGAGED,yaw 2/3 RECOVER,14,1,-0.029,-0.021,-3.352,0.009,-0.011,-0.007,1.5492
1785822380.247,35.400,ENGAGED,yaw 2/3 RECOVER,14,1,-0.030,-0.023,-3.352,0.009,-0.005,-0.003,1.5495
1785822380.347,35.500,ENGAGED,yaw 3/3 PULSEA +10°,14,1,-0.030,-0.025,-3.352,0.010,0.004,-0.003,1.5499
1785822380.447,35.600,ENGAGED,yaw 3/3 PULSEA +10°,14,1,-0.030,-0.026,-3.353,0.015,0.002,-0.004,1.5507
1785822380.547,35.700,ENGAGED,yaw 3/3 PULSEA +10°,14,1,-0.030,-0.027,-3.353,0.015,0.004,-0.003,1.5505
1785822380.647,35.800,ENGAGED,yaw 3/3 PULSEA +10°,14,1,-0.031,-0.026,-3.354,0.009,0.014,-0.004,1.5518
1785822380.747,35.900,ENGAGED,yaw 3/3 PULSEB -10°,14,1,-0.031,-0.026,-3.354,0.009,0.017,-0.007,1.5589
1785822380.847,36.000,ENGAGED,yaw 3/3 PULSEB -10°,14,1,-0.032,-0.025,-3.356,0.002,0.017,-0.022,1.5903
1785822380.947,36.100,ENGAGED,yaw 3/3 PULSEB -10°,14,1,-0.034,-0.024,-3.359,0.003,0.016,-0.046,1.5541
1785822381.047,36.200,ENGAGED,yaw 3/3 PULSEB -10°,14,1,-0.033,-0.023,-3.364,0.022,0.019,-0.048,1.4492
1785822381.147,36.300,ENGAGED,yaw 3/3 RECOVER,14,1,-0.031,-0.023,-3.368,0.030,0.017,-0.055,1.4046
1785822381.247,36.400,ENGAGED,yaw 3/3 RECOVER,14,1,-0.029,-0.022,-3.374,0.013,0.017,-0.050,1.4127
1785822381.347,36.500,ENGAGED,yaw 3/3 RECOVER,14,1,-0.029,-0.021,-3.378,-0.002,0.028,-0.046,1.4224
1785822381.447,36.600,ENGAGED,yaw 3/3 RECOVER,14,1,-0.030,-0.019,-3.382,-0.006,0.027,-0.039,1.4071
1785822381.547,36.700,ENGAGED,yaw 3/3 RECOVER,14,1,-0.032,-0.017,-3.386,-0.003,0.019,-0.033,1.3826
1785822381.647,36.800,ENGAGED,yaw 3/3 RECOVER,14,1,-0.033,-0.015,-3.389,-0.004,0.014,-0.006,1.3825
1785822381.747,36.900,ENGAGED,yaw 3/3 RECOVER,14,1,-0.034,-0.013,-3.388,-0.015,0.017,0.018,1.4405
1785822381.847,37.000,ENGAGED,yaw 3/3 RECOVER,14,1,-0.037,-0.012,-3.386,-0.027,0.023,0.027,1.4983
1785822381.947,37.100,ENGAGED,yaw 3/3 RECOVER,14,1,-0.040,-0.010,-3.383,-0.015,0.019,0.027,1.5232
1785822382.047,37.200,ENGAGED,yaw 3/3 RECOVER,14,1,-0.041,-0.007,-3.380,0.008,0.013,0.030,1.5159
1785822382.147,37.300,ENGAGED,yaw 3/3 RECOVER,14,1,-0.041,-0.006,-3.378,0.019,0.011,0.028,1.5185
1785822382.247,37.400,ENGAGED,yaw 3/3 RECOVER,14,1,-0.039,-0.004,-3.376,0.018,0.011,0.026,1.5365
1785822382.347,37.500,ENGAGED,yaw 3/3 RECOVER,14,1,-0.038,-0.003,-3.374,0.021,0.008,0.025,1.5462
1785822382.447,37.600,ENGAGED,yaw 3/3 RECOVER,14,1,-0.036,-0.002,-3.372,0.023,0.001,0.023,1.5441
1785822382.547,37.700,ENGAGED,yaw 3/3 RECOVER,14,1,-0.035,-0.001,-3.370,0.026,-0.004,0.022,1.5423
1785822382.647,37.800,ENGAGED,yaw 3/3 RECOVER,14,1,-0.034,0.000,-3.369,0.019,0.005,0.017,1.5446
1785822382.747,37.900,ENGAGED,yaw 3/3 RECOVER,14,1,-0.033,0.001,-3.367,0.016,0.005,0.018,1.5477
1785822382.847,38.000,ENGAGED,yaw 3/3 RECOVER,14,1,-0.032,0.002,-3.366,0.020,-0.005,0.015,1.5485
1785822382.947,38.100,ENGAGED,yaw 3/3 RECOVER,14,1,-0.031,0.002,-3.364,0.017,-0.012,0.013,1.5492
1785822383.047,38.200,ENGAGED,yaw 3/3 RECOVER,14,1,-0.030,0.002,-3.363,0.012,-0.005,0.011,1.5493
1785822383.147,38.300,ENGAGED,yaw 3/3 RECOVER,14,1,-0.030,0.002,-3.362,0.009,0.001,0.009,1.5498
1785822383.247,38.400,ENGAGED,yaw 3/3 RECOVER,14,1,-0.029,0.003,-3.360,0.010,0.005,0.009,1.5508
1785822383.347,38.500,ENGAGED,yaw 3/3 RECOVER,14,1,-0.028,0.004,-3.359,0.011,0.005,0.008,1.5515
1785822383.447,38.600,ENGAGED,yaw 3/3 RECOVER,14,1,-0.027,0.004,-3.358,0.011,0.001,0.006,1.5517
1785822383.547,38.700,ENGAGED,yaw 3/3 RECOVER,14,1,-0.026,0.005,-3.357,0.016,-0.009,0.007,1.5510
1785822383.647,38.800,ENGAGED,yaw 3/3 RECOVER,14,1,-0.024,0.006,-3.356,0.015,-0.008,0.004,1.5509
1785822383.747,38.900,ENGAGED,yaw 3/3 RECOVER,14,1,-0.022,0.006,-3.355,0.012,-0.004,0.001,1.5510
1785822383.847,39.000,ENGAGED,yaw 3/3 RECOVER,14,1,-0.020,0.006,-3.355,0.017,-0.016,0.002,1.5503
1785822383.947,39.100,ENGAGED,yaw 3/3 RECOVER,14,1,-0.018,0.006,-3.355,0.009,-0.002,0.002,1.5500
1785822384.047,39.200,ENGAGED,yaw 3/3 RECOVER,14,1,-0.016,0.005,-3.354,0.008,-0.006,-0.001,1.5494
1785822384.147,39.300,DONE,DONE_HOLD,14,1,-0.013,0.004,-3.354,0.008,-0.008,-0.001,1.5494
1785822384.247,39.400,DONE,DONE_HOLD,14,1,-0.011,0.004,-3.354,0.010,-0.012,-0.001,1.5491
1785822384.347,39.500,DONE,DONE_HOLD,14,1,-0.009,0.003,-3.353,0.009,-0.013,0.000,1.5491
1785822384.447,39.600,DONE,DONE_HOLD,14,1,-0.007,0.003,-3.353,0.008,-0.009,-0.000,1.5488
1785822384.547,39.700,DONE,DONE_HOLD,14,1,-0.006,0.003,-3.353,0.003,-0.001,-0.000,1.5498
1785822384.647,39.800,DONE,DONE_HOLD,14,1,-0.004,0.003,-3.353,-0.000,0.001,-0.002,1.5497
1785822384.747,39.900,DONE,DONE_HOLD,14,1,-0.003,0.003,-3.353,0.004,-0.007,-0.001,1.5502
1785822384.847,40.000,DONE,DONE_HOLD,14,1,-0.003,0.003,-3.353,0.004,-0.009,-0.002,1.5503
1785822384.947,40.100,DONE,DONE_HOLD,14,1,-0.002,0.003,-3.353,-0.001,-0.010,-0.003,1.5504
1785822385.047,40.200,DONE,DONE_HOLD,14,1,-0.003,0.002,-3.353,-0.005,-0.006,-0.001,1.5506
1785822385.147,40.300,DONE,DONE_HOLD,14,1,-0.003,0.002,-3.353,-0.011,0.005,-0.004,1.5510
1785822385.247,40.400,DONE,DONE_HOLD,14,1,-0.003,0.003,-3.353,-0.005,-0.008,-0.004,1.5510
1785822385.347,40.500,DONE,DONE_HOLD,14,1,-0.003,0.003,-3.353,-0.005,-0.009,-0.003,1.5510
1785822385.447,40.600,DONE,DONE_HOLD,14,1,-0.003,0.003,-3.354,-0.005,-0.007,-0.003,1.5509
1785822385.547,40.700,DONE,DONE_HOLD,14,1,-0.003,0.003,-3.354,-0.009,0.002,-0.002,1.5511
1785822385.647,40.800,DONE,DONE_HOLD,14,1,-0.003,0.003,-3.355,-0.010,0.001,-0.001,1.5509
1785822385.747,40.900,DONE,DONE_HOLD,14,1,-0.003,0.002,-3.355,-0.004,-0.014,-0.001,1.5492
1785822385.847,41.000,DONE,DONE_HOLD,14,1,-0.003,0.002,-3.356,-0.006,-0.010,-0.001,1.5480
1785822385.947,41.100,DONE,DONE_HOLD,14,1,-0.004,0.003,-3.357,-0.012,0.003,-0.000,1.5490
1785822386.047,41.200,DONE,DONE_HOLD,14,1,-0.004,0.003,-3.358,-0.009,-0.008,-0.001,1.5491
1785822386.147,41.300,DONE,DONE_HOLD,14,1,-0.006,0.005,-3.359,-0.012,-0.005,0.000,1.5492
1785822386.247,41.400,DONE,DONE_HOLD,14,1,-0.007,0.007,-3.360,-0.012,-0.001,0.002,1.5497
1785822386.347,41.500,DONE,DONE_HOLD,14,1,-0.009,0.009,-3.360,-0.014,0.002,0.003,1.5500
1785822386.447,41.600,DONE,DONE_HOLD,14,1,-0.010,0.011,-3.360,-0.015,0.009,0.005,1.5506
1785822386.547,41.700,DONE,DONE_HOLD,14,1,-0.011,0.014,-3.361,-0.013,0.011,0.002,1.5518
1785822386.647,41.800,DONE,DONE_HOLD,14,1,-0.012,0.016,-3.361,-0.009,0.000,0.003,1.5512
1785822386.747,41.900,DONE,DONE_HOLD,14,1,-0.013,0.018,-3.361,-0.009,0.002,0.004,1.5520
1785822386.847,42.000,DONE,DONE_HOLD,14,1,-0.014,0.020,-3.362,-0.010,0.008,0.007,1.5523
1785822386.947,42.100,DONE,DONE_HOLD,14,1,-0.015,0.023,-3.362,-0.003,-0.006,0.007,1.5521
1785822387.047,42.200,DONE,DONE_HOLD,14,1,-0.016,0.025,-3.361,-0.008,0.003,0.008,1.5518
1785822387.147,42.300,DONE,DONE_HOLD,14,1,-0.017,0.027,-3.361,-0.002,-0.005,0.004,1.5523
1785822387.247,42.400,DONE,DONE_HOLD,14,1,-0.018,0.029,-3.361,0.001,-0.014,0.004,1.5517
1785822387.347,42.500,DONE,DONE_HOLD,14,1,-0.019,0.031,-3.362,-0.003,-0.011,0.005,1.5500
1785822387.447,42.600,DONE,DONE_HOLD,14,1,-0.019,0.032,-3.362,-0.002,-0.012,0.006,1.5488
1785822387.547,42.700,DONE,DONE_HOLD,14,1,-0.020,0.033,-3.361,-0.004,-0.013,0.005,1.5491
1785822387.647,42.800,DONE,DONE_HOLD,14,1,-0.021,0.033,-3.362,-0.001,-0.023,0.004,1.5487
1785822387.747,42.900,DONE,DONE_HOLD,14,1,-0.022,0.034,-3.362,0.004,-0.028,0.006,1.5493
1785822387.847,43.000,DONE,DONE_HOLD,14,1,-0.023,0.034,-3.362,-0.003,-0.015,0.006,1.5496
1785822387.947,43.100,DONE,DONE_HOLD,14,1,-0.024,0.035,-3.363,-0.001,-0.014,0.005,1.5500
1785822388.047,43.200,DONE,DONE_HOLD,14,1,-0.024,0.035,-3.363,-0.000,-0.016,0.006,1.5504
1785822388.147,43.300,DONE,DONE_HOLD,14,1,-0.025,0.035,-3.363,0.001,-0.020,0.007,1.5508
1785822388.247,43.400,DONE,DONE_HOLD,14,1,-0.026,0.035,-3.363,0.005,-0.024,0.008,1.5506
1785822388.347,43.500,DONE,DONE_HOLD,14,1,-0.027,0.035,-3.363,0.007,-0.028,0.007,1.5505
1785822388.447,43.600,DONE,DONE_HOLD,14,1,-0.027,0.035,-3.364,0.006,-0.030,0.007,1.5503
1785822388.547,43.700,DONE,DONE_HOLD,14,1,-0.028,0.036,-3.364,0.003,-0.025,0.007,1.5501
1785822388.647,43.800,DONE,DONE_HOLD,14,1,-0.028,0.036,-3.364,0.005,-0.020,0.006,1.5502
1785822388.747,43.900,DONE,DONE_HOLD,14,1,-0.028,0.036,-3.364,0.010,-0.029,0.008,1.5504
1785822388.847,44.000,DONE,DONE_HOLD,14,1,-0.028,0.036,-3.364,0.012,-0.032,0.007,1.5501
1785822388.947,44.100,DONE,DONE_HOLD,14,1,-0.028,0.036,-3.364,0.005,-0.026,0.007,1.5496
1785822389.047,44.200,DONE,DONE_HOLD,14,1,-0.029,0.036,-3.365,0.003,-0.023,0.009,1.5496
1785822389.147,44.300,DONE,DONE_HOLD,14,1,-0.029,0.036,-3.365,0.002,-0.021,0.009,1.5498
1785822389.247,44.400,DONE,DONE_HOLD,14,1,-0.030,0.035,-3.365,0.003,-0.022,0.008,1.5500
1785822389.347,44.500,DONE,DONE_HOLD,14,1,-0.030,0.035,-3.366,0.009,-0.035,0.009,1.5493
1785822389.447,44.600,DONE,DONE_HOLD,14,1,-0.030,0.035,-3.366,0.008,-0.033,0.010,1.5491
1785822389.547,44.700,DONE,DONE_HOLD,14,1,-0.030,0.034,-3.366,0.006,-0.030,0.008,1.5489
1785822389.647,44.800,DONE,DONE_HOLD,14,1,-0.030,0.034,-3.366,0.005,-0.024,0.007,1.5490
1785822389.747,44.900,DONE,DONE_HOLD,14,1,-0.030,0.033,-3.365,0.004,-0.021,0.009,1.5492
1785822389.847,45.000,DONE,DONE_HOLD,14,1,-0.030,0.033,-3.365,0.009,-0.029,0.008,1.5491
1785822389.947,45.100,DONE,DONE_HOLD,14,1,-0.030,0.032,-3.365,0.006,-0.017,0.009,1.5503
1785822390.047,45.200,DONE,DONE_HOLD,14,1,-0.029,0.031,-3.364,0.007,-0.021,0.009,1.5504
1785822390.147,45.300,DONE,DONE_HOLD,14,1,-0.029,0.030,-3.363,0.006,-0.018,0.010,1.5507
1785822390.247,45.400,DONE,DONE_HOLD,14,1,-0.029,0.029,-3.363,0.011,-0.026,0.007,1.5508
1785822390.347,45.500,DONE,DONE_HOLD,14,1,-0.029,0.029,-3.362,0.012,-0.029,0.005,1.5504
1785822390.447,45.600,DONE,DONE_HOLD,14,1,-0.028,0.028,-3.362,0.014,-0.032,0.008,1.5502
1785822390.547,45.700,DONE,DONE_HOLD,14,1,-0.027,0.026,-3.361,0.010,-0.021,0.005,1.5500
1785822390.647,45.800,DONE,DONE_HOLD,14,1,-0.027,0.025,-3.361,0.010,-0.017,0.005,1.5500
1785822390.747,45.900,DONE,DONE_HOLD,14,1,-0.026,0.023,-3.361,0.010,-0.019,0.004,1.5500
1785822390.847,46.000,DONE,DONE_HOLD,14,1,-0.025,0.021,-3.360,0.009,-0.021,0.005,1.5501
1785822390.947,46.100,DONE,DONE_HOLD,14,1,-0.024,0.019,-3.360,0.010,-0.024,0.003,1.5497
1785822391.047,46.200,DONE,DONE_HOLD,14,1,-0.023,0.017,-3.359,0.015,-0.028,0.002,1.5497
1785822391.147,46.300,DONE,DONE_HOLD,14,1,-0.022,0.016,-3.359,0.011,-0.021,0.002,1.5492
1785822391.247,46.400,DONE,DONE_HOLD,14,1,-0.021,0.014,-3.359,0.008,-0.016,0.003,1.5490
1785822391.347,46.500,DONE,DONE_HOLD,14,1,-0.020,0.012,-3.359,0.006,-0.015,0.002,1.5495
1785822391.447,46.600,DONE,DONE_HOLD,14,1,-0.019,0.011,-3.359,0.006,-0.014,0.001,1.5494
1785822391.547,46.700,DONE,DONE_HOLD,14,1,-0.019,0.010,-3.359,0.010,-0.023,0.001,1.5491
1785822391.647,46.800,DONE,DONE_HOLD,14,1,-0.018,0.009,-3.360,0.009,-0.021,0.002,1.5492
1785822391.747,46.900,DONE,DONE_HOLD,14,1,-0.018,0.009,-3.359,0.009,-0.018,0.003,1.5492
1785822391.847,47.000,DONE,DONE_HOLD,14,1,-0.017,0.009,-3.359,0.005,-0.010,0.003,1.5494
1785822391.947,47.100,DONE,DONE_HOLD,14,1,-0.017,0.009,-3.358,0.003,-0.001,0.004,1.5505
1785822392.047,47.200,DONE,DONE_HOLD,14,1,-0.017,0.009,-3.358,0.008,-0.012,0.004,1.5502
1785822392.147,47.300,DONE,DONE_HOLD,14,1,-0.016,0.010,-3.357,0.007,-0.012,0.003,1.5501
1785822392.247,47.400,DONE,DONE_HOLD,14,1,-0.016,0.010,-3.356,0.005,-0.009,0.001,1.5504
1785822392.347,47.500,DONE,DONE_HOLD,14,1,-0.016,0.009,-3.356,0.001,-0.006,0.000,1.5507
1785822392.447,47.600,DONE,DONE_HOLD,14,1,-0.016,0.009,-3.356,0.003,-0.010,-0.000,1.5515
1785822392.547,47.700,DONE,DONE_HOLD,14,1,-0.016,0.009,-3.355,0.004,-0.013,0.000,1.5512
1785822392.647,47.800,DONE,DONE_HOLD,14,1,-0.017,0.008,-3.355,0.005,-0.017,-0.001,1.5510
1785822392.747,47.900,DONE,DONE_HOLD,14,1,-0.017,0.008,-3.354,0.001,-0.012,-0.001,1.5505
1785822392.847,48.000,DONE,DONE_HOLD,14,1,-0.018,0.007,-3.354,0.005,-0.016,-0.003,1.5507
1785822392.947,48.100,DONE,DONE_HOLD,14,1,-0.018,0.006,-3.353,0.008,-0.022,-0.002,1.5490
1785822393.047,48.200,DONE,DONE_HOLD,14,1,-0.019,0.005,-3.353,0.004,-0.023,-0.002,1.5480
1785822393.147,48.300,DONE,DONE_HOLD,14,1,-0.020,0.004,-3.352,0.002,-0.021,-0.002,1.5482
1785822393.247,48.400,DONE,DONE_HOLD,14,1,-0.021,0.004,-3.352,-0.005,-0.004,-0.002,1.5488
1785822393.347,48.500,DONE,DONE_HOLD,14,1,-0.022,0.005,-3.352,-0.006,0.004,-0.003,1.5496
1785822393.447,48.600,DONE,DONE_HOLD,14,1,-0.023,0.006,-3.352,0.001,-0.004,-0.005,1.5500
1785822393.547,48.700,DONE,DONE_HOLD,14,1,-0.025,0.007,-3.352,0.002,-0.004,-0.006,1.5503
1785822393.647,48.800,DONE,DONE_HOLD,14,1,-0.026,0.008,-3.352,-0.003,0.007,-0.005,1.5509
1785822393.747,48.900,DONE,DONE_HOLD,14,1,-0.027,0.008,-3.352,-0.004,0.006,-0.004,1.5515
1785822393.847,49.000,DONE,DONE_HOLD,14,1,-0.028,0.008,-3.352,0.003,-0.008,-0.004,1.5515
1785822393.947,49.100,DONE,DONE_HOLD,14,1,-0.029,0.008,-3.352,0.005,-0.013,-0.004,1.5510
1785822394.047,49.200,DONE,DONE_HOLD,14,1,-0.029,0.007,-3.352,0.002,-0.002,-0.005,1.5508
1785822394.147,49.300,DONE,DONE_HOLD,14,1,-0.029,0.006,-3.352,0.007,-0.015,-0.005,1.5506
1785822394.247,49.400,DONE,DONE_HOLD,14,1,-0.029,0.005,-3.351,0.010,-0.019,-0.004,1.5487
1785822394.347,49.500,DONE,DONE_HOLD,14,1,-0.029,0.004,-3.351,0.006,-0.013,-0.006,1.5476
1785822394.447,49.600,DONE,DONE_HOLD,14,1,-0.029,0.003,-3.351,0.007,-0.010,-0.006,1.5480
1785822394.547,49.700,DONE,DONE_HOLD,14,1,-0.028,0.002,-3.351,0.015,-0.020,-0.004,1.5484
1785822394.647,49.800,DONE,DONE_HOLD,14,1,-0.028,0.002,-3.351,0.013,-0.018,-0.004,1.5480
1785822394.747,49.900,DONE,DONE_HOLD,14,1,-0.027,0.001,-3.352,0.012,-0.012,-0.006,1.5485
1785822394.847,50.000,DONE,DONE_HOLD,14,1,-0.026,0.000,-3.352,0.013,-0.011,-0.004,1.5496
1785822394.947,50.100,DONE,DONE_HOLD,14,1,-0.026,0.000,-3.353,0.015,-0.009,-0.004,1.5497
1785822395.047,50.200,DONE,DONE_HOLD,14,1,-0.025,0.001,-3.354,0.011,-0.005,-0.003,1.5495
1785822395.147,50.300,DONE,DONE_HOLD,14,1,-0.025,0.002,-3.355,0.008,0.001,-0.002,1.5499
1785822395.247,50.400,DONE,DONE_HOLD,14,1,-0.025,0.002,-3.356,0.010,0.001,-0.002,1.5509
1785822395.347,50.500,DONE,DONE_HOLD,14,1,-0.025,0.003,-3.356,0.014,-0.003,-0.002,1.5508
1785822395.447,50.600,DONE,DONE_HOLD,14,1,-0.024,0.003,-3.357,0.011,-0.000,0.002,1.5503
1785822395.547,50.700,DONE,DONE_HOLD,14,1,-0.024,0.004,-3.358,0.009,0.008,0.000,1.5514
1785822395.647,50.800,DONE,DONE_HOLD,14,1,-0.024,0.004,-3.359,0.008,-0.000,0.001,1.5513
1785822395.747,50.900,DONE,DONE_HOLD,14,1,-0.023,0.004,-3.360,0.008,-0.006,0.002,1.5510
1785822395.847,51.000,DONE,DONE_HOLD,14,1,-0.023,0.003,-3.360,0.006,-0.007,0.003,1.5504
1785822395.947,51.100,DONE,DONE_HOLD,14,1,-0.022,0.003,-3.360,0.007,-0.005,0.002,1.5502
1785822396.047,51.200,DONE,DONE_HOLD,14,1,-0.021,0.002,-3.361,0.011,-0.008,0.002,1.5500
1785822396.147,51.300,DONE,DONE_HOLD,14,1,-0.020,0.001,-3.361,0.012,-0.013,0.003,1.5481
1785822396.247,51.400,DONE,DONE_HOLD,14,1,-0.018,0.000,-3.362,0.011,-0.010,0.003,1.5478
1785822396.347,51.500,DONE,DONE_HOLD,14,1,-0.016,-0.000,-3.362,0.007,-0.007,0.003,1.5482
1785822396.447,51.600,DONE,DONE_HOLD,14,1,-0.015,-0.001,-3.363,0.010,-0.004,0.005,1.5492
1785822396.547,51.700,DONE,DONE_HOLD,14,1,-0.014,-0.001,-3.363,0.009,-0.008,0.006,1.5493
1785822396.647,51.800,DONE,DONE_HOLD,14,1,-0.012,-0.001,-3.363,0.002,0.008,0.006,1.5498
1785822396.747,51.900,DONE,DONE_HOLD,14,1,-0.011,-0.000,-3.363,0.006,-0.004,0.008,1.5496
1785822396.847,52.000,DONE,DONE_HOLD,14,1,-0.010,0.000,-3.364,0.003,-0.001,0.007,1.5497
1785822396.947,52.100,DONE,DONE_HOLD,14,1,-0.010,0.001,-3.364,0.001,0.003,0.009,1.5501
1785822397.047,52.200,DONE,DONE_HOLD,14,1,-0.009,0.002,-3.364,-0.004,0.012,0.007,1.5511
1785822397.147,52.300,DONE,DONE_HOLD,14,1,-0.008,0.002,-3.364,-0.002,0.008,0.007,1.5514
1785822397.247,52.400,DONE,DONE_HOLD,14,1,-0.008,0.002,-3.364,0.002,-0.004,0.008,1.5506
1785822397.347,52.500,DONE,DONE_HOLD,14,1,-0.008,0.002,-3.364,-0.001,0.006,0.009,1.5512
1785822397.447,52.600,DONE,DONE_HOLD,14,1,-0.007,0.002,-3.364,0.004,-0.011,0.009,1.5506
1785822397.547,52.700,DONE,DONE_HOLD,14,1,-0.006,0.001,-3.364,0.003,-0.014,0.007,1.5492
1785822397.647,52.800,DONE,DONE_HOLD,14,1,-0.006,0.001,-3.364,-0.004,-0.002,0.007,1.5481
1785822397.747,52.900,DONE,DONE_HOLD,14,1,-0.006,0.000,-3.363,-0.005,-0.002,0.009,1.5485
1785822397.847,53.000,DONE,DONE_HOLD,14,1,-0.006,-0.000,-3.363,-0.006,0.001,0.007,1.5490
1785822397.947,53.100,DONE,DONE_HOLD,14,1,-0.006,-0.000,-3.363,-0.001,-0.013,0.007,1.5487
1785822398.047,53.200,DONE,DONE_HOLD,14,1,-0.005,0.000,-3.363,-0.007,0.000,0.007,1.5491
1785822398.147,53.300,DONE,DONE_HOLD,14,1,-0.005,0.001,-3.363,-0.008,0.005,0.007,1.5496
1785822398.247,53.400,DONE,DONE_HOLD,14,1,-0.005,0.002,-3.362,-0.003,-0.005,0.006,1.5497
1785822398.347,53.500,DONE,DONE_HOLD,14,1,-0.005,0.003,-3.362,-0.004,-0.001,0.009,1.5500
1785822398.447,53.600,DONE,DONE_HOLD,14,1,-0.005,0.005,-3.361,-0.010,0.010,0.007,1.5502
1785822398.547,53.700,DONE,DONE_HOLD,14,1,-0.005,0.005,-3.361,-0.005,0.001,0.007,1.5509
1785822398.647,53.800,DONE,DONE_HOLD,14,1,-0.005,0.007,-3.360,-0.004,-0.005,0.004,1.5508
1785822398.747,53.900,DONE,DONE_HOLD,14,1,-0.005,0.007,-3.360,-0.002,-0.007,0.004,1.5505
1785822398.847,54.000,DONE,DONE_HOLD,14,1,-0.006,0.008,-3.360,-0.011,0.002,0.003,1.5505
1785822398.947,54.100,DONE,DONE_HOLD,14,1,-0.006,0.008,-3.359,-0.010,0.001,0.001,1.5506
1785822399.047,54.200,DONE,DONE_HOLD,14,1,-0.006,0.007,-3.359,-0.009,-0.002,0.002,1.5506
1785822399.147,54.300,DONE,DONE_HOLD,14,1,-0.007,0.007,-3.359,-0.003,-0.019,0.002,1.5496
1785822399.247,54.400,DONE,DONE_HOLD,14,1,-0.007,0.007,-3.358,-0.004,-0.020,0.003,1.5489
1785822399.347,54.500,DONE,DONE_HOLD,14,1,-0.007,0.007,-3.358,-0.003,-0.015,0.002,1.5479
1785822399.447,54.600,DONE,DONE_HOLD,14,1,-0.008,0.007,-3.358,-0.007,-0.003,0.003,1.5484
1785822399.547,54.700,DONE,DONE_HOLD,14,1,-0.008,0.008,-3.357,-0.007,-0.002,0.003,1.5490
1785822399.647,54.800,DONE,DONE_HOLD,14,1,-0.009,0.009,-3.357,-0.005,-0.006,0.002,1.5494
1785822399.747,54.900,DONE,DONE_HOLD,14,1,-0.010,0.010,-3.356,-0.004,-0.010,0.002,1.5497
1785822399.847,55.000,DONE,DONE_HOLD,14,1,-0.010,0.011,-3.356,-0.009,-0.004,-0.000,1.5493
1785822399.947,55.100,DONE,DONE_HOLD,14,1,-0.011,0.012,-3.355,-0.012,0.002,-0.002,1.5500
1785822400.047,55.200,DONE,DONE_HOLD,14,1,-0.013,0.013,-3.354,-0.013,0.004,-0.002,1.5506
1785822400.147,55.300,DONE,DONE_HOLD,14,1,-0.014,0.014,-3.354,-0.008,-0.006,-0.003,1.5512
1785822400.247,55.400,DONE,DONE_HOLD,14,1,-0.016,0.015,-3.353,-0.008,-0.009,-0.004,1.5507
1785822400.347,55.500,DONE,DONE_HOLD,14,1,-0.017,0.016,-3.353,-0.004,-0.012,-0.003,1.5513
1785822400.447,55.600,DONE,DONE_HOLD,14,1,-0.018,0.017,-3.353,-0.008,-0.000,-0.003,1.5516
1785822400.547,55.700,DONE,DONE_HOLD,14,1,-0.019,0.018,-3.353,-0.002,-0.012,-0.005,1.5516
1785822400.647,55.800,DONE,DONE_HOLD,14,1,-0.019,0.018,-3.352,0.001,-0.021,-0.004,1.5511
1785822400.747,55.900,DONE,DONE_HOLD,14,1,-0.020,0.019,-3.352,-0.000,-0.013,-0.003,1.5502
1785822400.847,56.000,DONE,DONE_HOLD,14,1,-0.019,0.019,-3.351,0.001,-0.015,-0.004,1.5484
1785822400.947,56.100,DONE,DONE_HOLD,14,1,-0.020,0.019,-3.351,0.004,-0.020,-0.004,1.5482
1785822401.047,56.200,DONE,DONE_HOLD,14,1,-0.020,0.019,-3.351,0.002,-0.023,-0.004,1.5486
1785822401.147,56.300,DONE,DONE_HOLD,14,1,-0.021,0.020,-3.350,-0.005,-0.010,-0.005,1.5486
