t,nav,armed,sp_x,sp_y,sp_alt,x,y,alt,eph,epv,xy_valid,z_valid,rst_xy,rst_z
0.011,-1,0,nan,nan,nan,nan,nan,nan,nan,nan,1,1,0,0
0.100,-1,0,nan,nan,nan,9.3753,-0.0358,5.3607,0.036,0.164,1,1,3,2
0.204,-1,0,nan,nan,nan,9.3753,-0.0359,5.3586,0.036,0.167,1,1,3,2
0.307,-1,0,nan,nan,nan,9.3755,-0.0362,5.3560,0.036,0.167,1,1,3,2
0.408,-1,0,nan,nan,nan,9.3758,-0.0365,5.3541,0.036,0.166,1,1,3,2
0.501,-1,0,nan,nan,nan,9.3761,-0.0368,5.3522,0.036,0.165,1,1,3,2
0.603,-1,0,nan,nan,nan,9.3763,-0.0370,5.3503,0.036,0.169,1,1,3,2
0.708,-1,0,nan,nan,nan,9.3767,-0.0374,5.3487,0.036,0.163,1,1,3,2
0.809,1,0,nan,nan,nan,9.3770,-0.0376,5.3471,0.036,0.166,1,1,3,2
0.904,1,0,nan,nan,nan,9.3774,-0.0377,5.3458,0.036,0.164,1,1,3,2
1.010,1,0,nan,nan,nan,9.3780,-0.0379,5.3447,0.036,0.164,1,1,3,2
1.101,1,0,nan,nan,nan,9.3786,-0.0381,5.3434,0.036,0.164,1,1,3,2
1.201,1,0,nan,nan,nan,9.3789,-0.0384,5.3426,0.036,0.167,1,1,3,2
1.310,1,0,nan,nan,nan,9.3792,-0.0387,5.3421,0.036,0.166,1,1,3,2
1.403,1,0,nan,nan,nan,9.3796,-0.0394,5.3411,0.036,0.166,1,1,3,2
1.502,1,0,nan,nan,nan,9.3798,-0.0397,5.3404,0.036,0.164,1,1,3,2
1.601,1,0,nan,nan,nan,9.3801,-0.0401,5.3394,0.036,0.168,1,1,3,2
1.703,1,0,nan,nan,nan,9.3801,-0.0402,5.3393,0.036,0.168,1,1,3,2
1.801,1,0,nan,nan,nan,9.3809,-0.0413,5.3387,0.036,0.166,1,1,3,2
1.905,1,0,nan,nan,nan,9.3812,-0.0416,5.3387,0.036,0.163,1,1,3,2
2.000,1,0,nan,nan,nan,9.3818,-0.0423,5.3383,0.036,0.164,1,1,3,2
2.100,1,0,nan,nan,nan,9.3822,-0.0428,5.3385,0.036,0.163,1,1,3,2
2.204,1,0,nan,nan,nan,9.3830,-0.0437,5.3400,0.036,0.163,1,1,3,2
2.308,1,0,nan,nan,nan,9.3836,-0.0442,5.3414,0.036,0.167,1,1,3,2
2.406,1,0,nan,nan,nan,9.3844,-0.0448,5.3423,0.036,0.167,1,1,3,2
2.504,1,0,nan,nan,nan,9.3850,-0.0453,5.3429,0.036,0.165,1,1,3,2
2.602,1,0,nan,nan,nan,9.3854,-0.0457,5.3429,0.036,0.169,1,1,3,2
2.707,1,0,nan,nan,nan,9.3854,-0.0457,5.3429,0.036,0.169,1,1,3,2
2.805,1,0,nan,nan,nan,9.3865,-0.0468,5.3427,0.036,0.167,1,1,3,2
2.904,1,0,nan,nan,nan,9.3872,-0.0474,5.3424,0.036,0.166,1,1,3,2
3.001,1,0,nan,nan,nan,9.3880,-0.0479,5.3424,0.036,0.165,1,1,3,2
3.107,1,0,nan,nan,nan,9.3887,-0.0482,5.3423,0.036,0.164,1,1,3,2
3.200,1,0,nan,nan,nan,9.3895,-0.0488,5.3421,0.036,0.163,1,1,3,2
3.304,1,0,nan,nan,nan,9.3902,-0.0493,5.3416,0.036,0.167,1,1,3,2
3.404,1,0,nan,nan,nan,9.3909,-0.0499,5.3418,0.036,0.165,1,1,3,2
3.509,1,0,nan,nan,nan,9.3918,-0.0508,5.3421,0.036,0.165,1,1,3,2
3.602,1,0,nan,nan,nan,9.3923,-0.0513,5.3414,0.036,0.169,1,1,3,2
3.702,1,0,nan,nan,nan,9.3932,-0.0518,5.3412,0.036,0.163,1,1,3,2
3.805,1,0,nan,nan,nan,9.3941,-0.0524,5.3410,0.036,0.167,1,1,3,2
3.900,1,0,nan,nan,nan,9.3950,-0.0530,5.3411,0.036,0.166,1,1,3,2
4.006,1,0,nan,nan,nan,9.3958,-0.0536,5.3412,0.036,0.164,1,1,3,2
4.107,1,0,nan,nan,nan,9.3959,-0.0538,5.3412,0.036,0.165,1,1,3,2
4.208,1,0,nan,nan,nan,9.3968,-0.0547,5.3413,0.036,0.165,1,1,3,2
4.302,1,0,nan,nan,nan,9.3968,-0.0547,5.3413,0.036,0.165,1,1,3,2
4.408,1,0,nan,nan,nan,9.3968,-0.0547,5.3413,0.036,0.165,1,1,3,2
4.501,1,0,nan,nan,nan,9.4000,-0.0575,5.3427,0.036,0.165,1,1,3,2
4.601,1,0,nan,nan,nan,9.4007,-0.0581,5.3425,0.036,0.169,1,1,3,2
4.703,1,0,nan,nan,nan,9.4014,-0.0587,5.3409,0.036,0.167,1,1,3,2
4.810,1,0,nan,nan,nan,9.4016,-0.0589,5.3405,0.036,0.163,1,1,3,2
4.908,1,0,nan,nan,nan,9.4030,-0.0602,5.3377,0.036,0.163,1,1,3,2
5.008,1,0,nan,nan,nan,9.4047,-0.0618,5.3339,0.036,0.165,1,1,3,2
5.105,1,0,nan,nan,nan,9.4055,-0.0626,5.3321,0.036,0.163,1,1,3,2
5.209,1,0,nan,nan,nan,9.4061,-0.0632,5.3311,0.036,0.166,1,1,3,2
5.306,1,0,nan,nan,nan,9.4065,-0.0635,5.3307,0.036,0.163,1,1,3,2
5.402,1,0,nan,nan,nan,9.4065,-0.0635,5.3307,0.036,0.163,1,1,3,2
5.506,1,0,nan,nan,nan,9.4065,-0.0635,5.3307,0.036,0.163,1,1,3,2
5.600,1,1,nan,nan,nan,9.4103,-0.0667,5.3276,0.036,0.167,1,1,3,2
5.709,1,1,nan,nan,nan,9.4116,-0.0680,5.3270,0.036,0.166,1,1,3,2
5.804,1,1,nan,nan,nan,9.4116,-0.0680,5.3270,0.036,0.166,1,1,3,2
5.909,1,1,nan,nan,nan,9.4116,-0.0680,5.3270,0.036,0.166,1,1,3,2
6.004,1,1,nan,nan,nan,9.4116,-0.0680,5.3270,0.036,0.166,1,1,3,2
6.109,1,1,nan,nan,nan,9.4116,-0.0680,5.3270,0.036,0.166,1,1,3,2
6.206,1,1,nan,nan,nan,9.4176,-0.0737,5.3235,0.036,0.165,1,1,3,2
6.300,1,1,nan,nan,nan,9.4176,-0.0737,5.3235,0.036,0.165,1,1,3,2
6.405,1,1,nan,nan,nan,9.4176,-0.0737,5.3235,0.036,0.165,1,1,3,2
6.501,1,1,nan,nan,nan,9.4177,-0.0738,5.3235,0.036,0.166,1,1,3,2
6.601,1,1,nan,nan,nan,9.4184,-0.0743,5.3233,0.036,0.164,1,1,3,2
6.705,1,1,nan,nan,nan,9.4184,-0.0743,5.3233,0.036,0.164,1,1,3,2
6.809,1,1,nan,nan,nan,9.4184,-0.0743,5.3233,0.036,0.164,1,1,3,2
6.902,1,1,nan,nan,nan,9.4184,-0.0743,5.3233,0.036,0.164,1,1,3,2
7.006,1,1,nan,nan,nan,9.4184,-0.0743,5.3233,0.036,0.164,1,1,3,2
7.110,1,1,nan,nan,nan,9.4184,-0.0743,5.3233,0.036,0.164,1,1,3,2
7.204,1,1,nan,nan,nan,9.4184,-0.0743,5.3233,0.036,0.164,1,1,3,2
7.304,1,1,nan,nan,nan,9.4214,-0.0769,5.3245,0.036,0.166,1,1,3,2
7.409,1,1,nan,nan,nan,9.4214,-0.0769,5.3245,0.036,0.166,1,1,3,2
7.500,1,1,nan,nan,nan,9.4268,-0.0814,5.3235,0.036,0.169,1,1,3,2
7.604,1,1,nan,nan,nan,9.4296,-0.0838,5.3233,0.036,0.172,1,1,3,2
7.707,1,1,nan,nan,nan,9.4304,-0.0845,5.3228,0.036,0.171,1,1,3,2
7.801,1,1,nan,nan,nan,9.4307,-0.0848,5.3226,0.036,0.173,1,1,3,2
7.902,1,1,nan,nan,nan,9.4316,-0.0854,5.3206,0.036,0.173,1,1,3,2
8.009,2,1,nan,nan,nan,9.4323,-0.0860,5.3183,0.036,0.171,1,1,3,2
8.102,2,1,nan,nan,nan,9.4333,-0.0867,5.3143,0.036,0.171,1,1,3,2
8.204,2,1,nan,nan,nan,9.4340,-0.0871,5.3111,0.036,0.169,1,1,3,2
8.302,2,1,nan,nan,nan,9.4348,-0.0877,5.3075,0.036,0.173,1,1,3,2
8.404,2,1,nan,nan,nan,9.4357,-0.0884,5.3032,0.036,0.171,1,1,3,2
8.502,2,1,nan,nan,nan,9.4365,-0.0890,5.3005,0.036,0.170,1,1,3,2
8.603,2,1,nan,nan,nan,9.4373,-0.0898,5.2978,0.036,0.174,1,1,3,2
8.701,2,1,nan,nan,nan,9.4383,-0.0906,5.2950,0.036,0.168,1,1,3,2
8.808,2,1,nan,nan,nan,9.4393,-0.0914,5.2924,0.036,0.170,1,1,3,2
8.904,2,1,nan,nan,nan,9.4412,-0.0927,5.2879,0.036,0.170,1,1,3,2
9.005,2,1,nan,nan,nan,9.4415,-0.0929,5.2874,0.036,0.171,1,1,3,2
9.105,2,1,nan,nan,nan,9.4428,-0.0937,5.2847,0.036,0.169,1,1,3,2
9.201,2,1,nan,nan,nan,9.4463,-0.0961,5.2810,0.036,0.166,1,1,3,2
9.303,2,1,nan,nan,nan,9.4481,-0.0973,5.2805,0.036,0.170,1,1,3,2
9.402,2,1,nan,nan,nan,9.4499,-0.0986,5.2803,0.036,0.168,1,1,3,2
9.501,2,1,nan,nan,nan,9.4516,-0.0997,5.2815,0.036,0.167,1,1,3,2
9.605,2,1,nan,nan,nan,9.4534,-0.1006,5.2854,0.036,0.171,1,1,3,2
9.708,2,1,nan,nan,nan,9.4545,-0.1017,5.2904,0.036,0.170,1,1,3,2
9.810,2,1,nan,nan,nan,9.4551,-0.1026,5.2954,0.036,0.173,1,1,3,2
9.904,2,1,nan,nan,nan,9.4555,-0.1029,5.2986,0.036,0.170,1,1,3,2
10.010,2,1,nan,nan,nan,9.4559,-0.1044,5.3037,0.036,0.173,1,1,3,2
10.104,2,1,nan,nan,nan,9.4559,-0.1044,5.3037,0.036,0.173,1,1,3,2
10.210,2,1,nan,nan,nan,9.4559,-0.1044,5.3037,0.036,0.173,1,1,3,2
10.309,2,1,nan,nan,nan,9.4404,-0.1043,5.3936,0.036,0.171,1,1,3,2
10.401,2,1,nan,nan,nan,9.4248,-0.0988,5.4503,0.036,0.170,1,1,3,2
10.508,2,1,nan,nan,nan,9.4186,-0.0960,5.4735,0.036,0.171,1,1,3,2
10.601,2,1,nan,nan,nan,9.4186,-0.0960,5.4735,0.036,0.171,1,1,3,2
10.705,2,1,nan,nan,nan,9.4186,-0.0960,5.4735,0.036,0.171,1,1,3,2
10.801,2,1,nan,nan,nan,9.3719,-0.0528,5.8110,0.037,0.175,1,1,3,2
10.908,2,1,nan,nan,nan,9.3627,-0.0435,5.9421,0.037,0.057,1,1,3,2
11.001,2,1,nan,nan,nan,9.3562,-0.0403,6.0500,0.038,0.040,1,1,3,2
11.103,2,1,nan,nan,nan,9.3457,-0.0405,6.1848,0.038,0.032,1,1,3,2
11.207,2,1,nan,nan,nan,9.3457,-0.0405,6.1848,0.038,0.032,1,1,3,2
11.304,2,1,nan,nan,nan,9.3261,-0.0451,6.4135,0.041,0.027,1,1,3,2
11.406,2,1,nan,nan,nan,9.3232,-0.0452,6.4615,0.042,0.026,1,1,3,2
11.501,2,1,nan,nan,nan,9.3203,-0.0470,6.5125,0.043,0.026,1,1,3,2
11.601,2,1,nan,nan,nan,9.3205,-0.0480,6.5313,0.044,0.026,1,1,3,2
11.707,2,1,nan,nan,nan,9.3205,-0.0480,6.5313,0.044,0.026,1,1,3,2
11.810,2,1,nan,nan,nan,9.3205,-0.0480,6.5313,0.044,0.026,1,1,3,2
11.905,2,1,nan,nan,nan,9.3284,-0.0510,6.5808,0.048,0.026,1,1,3,2
12.002,2,1,nan,nan,nan,9.3657,-0.0650,6.6712,0.054,0.027,1,1,3,2
12.104,2,1,nan,nan,nan,9.3823,-0.0704,6.7167,0.057,0.027,1,1,3,2
12.204,2,1,nan,nan,nan,9.3871,-0.0719,6.7316,0.058,0.027,1,1,3,2
12.304,2,1,nan,nan,nan,9.4059,-0.0779,6.7982,0.061,0.027,1,1,3,2
12.401,2,1,nan,nan,nan,9.4174,-0.0817,6.8388,0.063,0.027,1,1,3,2
12.509,2,1,nan,nan,nan,9.4205,-0.0828,6.8476,0.064,0.027,1,1,3,2
12.603,2,1,nan,nan,nan,9.4587,-0.0930,6.9243,0.072,0.027,1,1,3,2
12.709,2,1,nan,nan,nan,9.4759,-0.0982,6.9368,0.074,0.027,1,1,3,2
12.806,2,1,nan,nan,nan,9.4908,-0.1023,6.9530,0.077,0.027,1,1,3,2
12.909,2,1,nan,nan,nan,9.5146,-0.1077,6.9819,0.081,0.027,1,1,3,2
13.001,2,1,nan,nan,nan,9.5363,-0.1107,7.0096,0.084,0.027,1,1,3,2
13.107,2,1,nan,nan,nan,9.5552,-0.1135,7.0355,0.087,0.027,1,1,3,2
13.200,2,1,nan,nan,nan,9.5790,-0.1158,7.0691,0.090,0.027,1,1,3,2
13.306,2,1,nan,nan,nan,9.5949,-0.1159,7.0907,0.092,0.027,1,1,3,2
13.401,2,1,nan,nan,nan,9.5949,-0.1159,7.0907,0.092,0.027,1,1,3,2
13.507,2,1,nan,nan,nan,9.5949,-0.1159,7.0907,0.092,0.027,1,1,3,2
13.602,2,1,nan,nan,nan,9.5949,-0.1159,7.0907,0.092,0.027,1,1,3,2
13.701,2,1,nan,nan,nan,9.5967,-0.1157,7.0936,0.093,0.027,1,1,3,2
13.806,2,1,nan,nan,nan,9.6936,-0.0920,7.2523,0.110,0.028,1,1,3,2
13.909,2,1,nan,nan,nan,9.7045,-0.0915,7.2858,0.113,0.028,1,1,3,2
14.003,2,1,nan,nan,nan,9.7096,-0.0912,7.3015,0.113,0.028,1,1,3,2
14.108,2,1,nan,nan,nan,9.7150,-0.0910,7.3166,0.115,0.028,1,1,3,2
14.203,2,1,nan,nan,nan,9.7150,-0.0910,7.3166,0.115,0.028,1,1,3,2
14.308,2,1,nan,nan,nan,9.7150,-0.0910,7.3166,0.115,0.028,1,1,3,2
14.403,2,1,nan,nan,nan,9.7150,-0.0910,7.3166,0.115,0.028,1,1,3,2
14.508,2,1,nan,nan,nan,9.7209,-0.0904,7.3425,0.116,0.028,1,1,3,2
14.607,2,1,nan,nan,nan,9.7171,-0.0906,7.4566,0.126,0.029,1,1,3,2
14.706,2,1,nan,nan,nan,9.7032,-0.0894,7.4741,0.131,0.029,1,1,3,2
14.808,2,1,nan,nan,nan,9.6982,-0.0871,7.4749,0.135,0.029,1,1,3,2
14.903,2,1,nan,nan,nan,9.6982,-0.0871,7.4749,0.135,0.029,1,1,3,2
15.008,2,1,nan,nan,nan,9.6982,-0.0871,7.4749,0.135,0.029,1,1,3,2
15.104,2,1,nan,nan,nan,9.6982,-0.0871,7.4749,0.135,0.029,1,1,3,2
15.210,2,1,nan,nan,nan,9.6982,-0.0871,7.4749,0.135,0.029,1,1,3,2
15.305,2,1,nan,nan,nan,9.6982,-0.0871,7.4749,0.135,0.029,1,1,3,2
15.410,2,1,nan,nan,nan,9.6982,-0.0871,7.4749,0.135,0.029,1,1,3,2
15.505,2,1,nan,nan,nan,9.6982,-0.0871,7.4749,0.135,0.029,1,1,3,2
15.604,2,1,nan,nan,nan,9.6842,-0.0823,7.4803,0.136,0.030,1,1,3,2
15.710,2,1,nan,nan,nan,9.6842,-0.0823,7.4803,0.136,0.030,1,1,3,2
15.804,2,1,nan,nan,nan,9.6842,-0.0823,7.4803,0.136,0.030,1,1,3,2
15.910,2,1,nan,nan,nan,9.6842,-0.0823,7.4803,0.136,0.030,1,1,3,2
16.005,2,1,nan,nan,nan,9.6842,-0.0823,7.4803,0.136,0.030,1,1,3,2
16.110,2,1,nan,nan,nan,9.6842,-0.0823,7.4803,0.136,0.030,1,1,3,2
16.206,2,1,nan,nan,nan,9.6842,-0.0823,7.4803,0.136,0.030,1,1,3,2
16.301,2,1,nan,nan,nan,9.6171,-0.1297,7.5170,0.152,0.031,1,1,3,2
16.406,2,1,nan,nan,nan,9.6171,-0.1297,7.5170,0.152,0.031,1,1,3,2
16.500,2,1,nan,nan,nan,9.6171,-0.1297,7.5170,0.152,0.031,1,1,3,2
16.606,2,1,nan,nan,nan,9.6171,-0.1297,7.5170,0.152,0.031,1,1,3,2
16.701,2,1,nan,nan,nan,9.6171,-0.1297,7.5170,0.152,0.031,1,1,3,2
16.807,2,1,nan,nan,nan,9.6171,-0.1297,7.5170,0.152,0.031,1,1,3,2
16.900,2,1,nan,nan,nan,9.5947,-0.1499,7.5205,0.154,0.031,1,1,3,2
17.005,2,1,nan,nan,nan,9.5597,-0.1777,7.5223,0.160,0.031,1,1,3,2
17.102,2,1,nan,nan,nan,9.5443,-0.2169,7.5181,0.158,0.031,1,1,3,2
17.208,2,1,nan,nan,nan,9.5443,-0.2169,7.5181,0.158,0.031,1,1,3,2
17.303,2,1,nan,nan,nan,9.5443,-0.2169,7.5181,0.158,0.031,1,1,3,2
17.409,2,1,nan,nan,nan,9.5443,-0.2169,7.5181,0.158,0.031,1,1,3,2
17.501,2,1,nan,nan,nan,9.5425,-0.2267,7.5177,0.162,0.031,1,1,3,2
17.601,2,1,nan,nan,nan,9.4918,-0.3176,7.4865,0.165,0.032,1,1,3,2
17.702,2,1,nan,nan,nan,9.4558,-0.3458,7.4337,0.168,0.032,1,1,3,2
17.802,2,1,nan,nan,nan,9.4518,-0.3449,7.4247,0.171,0.032,1,1,3,2
17.903,2,1,nan,nan,nan,9.4435,-0.3442,7.4104,0.169,0.032,1,1,3,2
18.008,2,1,nan,nan,nan,9.4435,-0.3442,7.4104,0.169,0.032,1,1,3,2
18.103,2,1,nan,nan,nan,9.4435,-0.3442,7.4104,0.169,0.032,1,1,3,2
18.209,2,1,nan,nan,nan,9.4435,-0.3442,7.4104,0.169,0.032,1,1,3,2
18.304,2,1,nan,nan,nan,9.4435,-0.3442,7.4104,0.169,0.032,1,1,3,2
18.409,2,1,nan,nan,nan,9.4435,-0.3442,7.4104,0.169,0.032,1,1,3,2
18.504,2,1,nan,nan,nan,9.4272,-0.2906,7.3302,0.167,0.032,1,1,3,2
18.603,2,1,nan,nan,nan,9.4286,-0.2830,7.3377,0.171,0.033,1,1,3,2
18.705,2,1,nan,nan,nan,9.4321,-0.2743,7.3441,0.169,0.032,1,1,3,2
18.807,2,1,nan,nan,nan,9.4353,-0.2683,7.3447,0.174,0.032,1,1,3,2
18.900,2,1,nan,nan,nan,9.4385,-0.2634,7.3450,0.173,0.033,1,1,3,2
19.005,2,1,nan,nan,nan,9.4415,-0.2629,7.3454,0.176,0.033,1,1,3,2
19.106,2,1,nan,nan,nan,9.4470,-0.2661,7.3458,0.174,0.033,1,1,3,2
19.204,2,1,nan,nan,nan,9.4545,-0.2710,7.3411,0.173,0.033,1,1,3,2
19.309,2,1,nan,nan,nan,9.4618,-0.2775,7.3352,0.173,0.033,1,1,3,2
19.404,2,1,nan,nan,nan,9.4618,-0.2775,7.3352,0.173,0.033,1,1,3,2
19.510,2,1,nan,nan,nan,9.4618,-0.2775,7.3352,0.173,0.033,1,1,3,2
19.605,2,1,nan,nan,nan,9.4618,-0.2775,7.3352,0.173,0.033,1,1,3,2
19.710,2,1,nan,nan,nan,9.4618,-0.2775,7.3352,0.173,0.033,1,1,3,2
19.804,2,1,nan,nan,nan,9.4930,-0.3019,7.2797,0.177,0.033,1,1,3,2
19.907,2,1,nan,nan,nan,9.5036,-0.3040,7.2562,0.175,0.033,1,1,3,2
20.004,2,1,nan,nan,nan,9.5119,-0.3050,7.2301,0.173,0.033,1,1,3,2
20.102,2,1,nan,nan,nan,9.5153,-0.3064,7.2131,0.176,0.033,1,1,3,2
20.206,2,1,nan,nan,nan,9.5193,-0.3071,7.1942,0.172,0.033,1,1,3,2
20.301,2,1,nan,nan,nan,9.5193,-0.3071,7.1942,0.172,0.033,1,1,3,2
20.406,2,1,nan,nan,nan,9.5193,-0.3071,7.1942,0.172,0.033,1,1,3,2
20.504,2,1,nan,nan,nan,9.5239,-0.3086,7.1724,0.170,0.033,1,1,3,2
20.606,2,1,nan,nan,nan,9.5244,-0.3087,7.1697,0.170,0.033,1,1,3,2
20.701,2,1,nan,nan,nan,9.5244,-0.3087,7.1697,0.170,0.033,1,1,3,2
20.806,2,1,nan,nan,nan,9.5244,-0.3087,7.1697,0.170,0.033,1,1,3,2
20.901,2,1,nan,nan,nan,9.5244,-0.3087,7.1697,0.170,0.033,1,1,3,2
21.004,2,1,nan,nan,nan,9.5258,-0.3001,7.0211,0.174,0.033,1,1,3,2
21.109,2,1,nan,nan,nan,9.5227,-0.2888,6.9722,0.180,0.033,1,1,3,2
21.205,2,1,nan,nan,nan,9.5227,-0.2888,6.9722,0.180,0.033,1,1,3,2
21.300,2,1,nan,nan,nan,9.5227,-0.2888,6.9722,0.180,0.033,1,1,3,2
21.405,2,1,nan,nan,nan,9.5227,-0.2888,6.9722,0.180,0.033,1,1,3,2
21.501,2,1,nan,nan,nan,9.5227,-0.2888,6.9722,0.180,0.033,1,1,3,2
21.606,2,1,nan,nan,nan,9.5227,-0.2888,6.9722,0.180,0.033,1,1,3,2
21.705,2,1,nan,nan,nan,9.5129,-0.2785,6.8965,0.176,0.033,1,1,3,2
21.803,2,1,nan,nan,nan,9.4925,-0.2685,6.8036,0.176,0.033,1,1,3,2
21.902,2,1,nan,nan,nan,9.4801,-0.2570,6.7443,0.170,0.032,1,1,3,2
22.008,2,1,nan,nan,nan,9.4716,-0.2501,6.7113,0.175,0.032,1,1,3,2
22.103,2,1,nan,nan,nan,9.4716,-0.2501,6.7113,0.175,0.032,1,1,3,2
22.209,2,1,nan,nan,nan,9.4716,-0.2501,6.7113,0.175,0.032,1,1,3,2
22.303,2,1,nan,nan,nan,9.4716,-0.2501,6.7113,0.175,0.032,1,1,3,2
22.406,2,1,nan,nan,nan,9.4539,-0.2353,6.6507,0.169,0.032,1,1,3,2
22.501,2,1,nan,nan,nan,9.4539,-0.2353,6.6507,0.169,0.032,1,1,3,2
22.607,2,1,nan,nan,nan,9.4539,-0.2353,6.6507,0.169,0.032,1,1,3,2
22.707,2,1,nan,nan,nan,9.4146,-0.2066,6.6200,0.171,0.031,1,1,3,2
22.802,2,1,nan,nan,nan,9.4146,-0.2066,6.6200,0.171,0.031,1,1,3,2
22.909,2,1,nan,nan,nan,9.4116,-0.2051,6.6243,0.166,0.032,1,1,3,2
23.005,2,1,nan,nan,nan,9.3892,-0.1963,6.6362,0.165,0.032,1,1,3,2
23.100,2,1,nan,nan,nan,9.3892,-0.1963,6.6362,0.165,0.032,1,1,3,2
23.206,2,1,nan,nan,nan,9.3892,-0.1963,6.6362,0.165,0.032,1,1,3,2
23.302,2,1,nan,nan,nan,9.3892,-0.1963,6.6362,0.165,0.032,1,1,3,2
23.407,2,1,nan,nan,nan,9.3892,-0.1963,6.6362,0.165,0.032,1,1,3,2
23.502,2,1,nan,nan,nan,9.3892,-0.1963,6.6362,0.165,0.032,1,1,3,2
23.608,2,1,nan,nan,nan,9.3892,-0.1963,6.6362,0.165,0.032,1,1,3,2
23.703,2,1,nan,nan,nan,9.3365,-0.1583,6.5941,0.162,0.032,1,1,3,2
23.800,2,1,nan,nan,nan,9.3422,-0.1528,6.5923,0.167,0.032,1,1,3,2
23.903,2,1,nan,nan,nan,9.3482,-0.1453,6.5856,0.164,0.032,1,1,3,2
24.003,2,1,nan,nan,nan,9.3491,-0.1448,6.5852,0.165,0.032,1,1,3,2
24.108,2,1,nan,nan,nan,9.3491,-0.1448,6.5852,0.165,0.032,1,1,3,2
24.203,2,1,nan,nan,nan,9.3491,-0.1448,6.5852,0.165,0.032,1,1,3,2
24.308,2,1,nan,nan,nan,9.3491,-0.1448,6.5852,0.165,0.032,1,1,3,2
24.403,2,1,nan,nan,nan,9.3491,-0.1448,6.5852,0.165,0.032,1,1,3,2
24.503,2,1,nan,nan,nan,9.4245,-0.1584,6.5689,0.162,0.033,1,1,3,2
24.603,2,1,nan,nan,nan,9.4398,-0.1620,6.5662,0.167,0.033,1,1,3,2
24.702,2,1,nan,nan,nan,9.4425,-0.1626,6.5658,0.162,0.032,1,1,3,2
24.808,2,1,nan,nan,nan,9.4425,-0.1626,6.5658,0.162,0.032,1,1,3,2
24.906,2,1,nan,nan,nan,9.4502,-0.1638,6.5634,0.165,0.032,1,1,3,2
25.005,2,1,nan,nan,nan,9.4817,-0.1722,6.5603,0.163,0.032,1,1,3,2
25.101,2,1,nan,nan,nan,9.4842,-0.1727,6.5603,0.164,0.033,1,1,3,2
25.205,2,1,nan,nan,nan,9.4879,-0.1741,6.5603,0.160,0.032,1,1,3,2
25.300,2,1,nan,nan,nan,9.4879,-0.1741,6.5603,0.160,0.032,1,1,3,2
25.407,2,1,nan,nan,nan,9.4936,-0.1768,6.5598,0.165,0.033,1,1,3,2
25.510,2,1,nan,nan,nan,9.5051,-0.1875,6.5614,0.163,0.033,1,1,3,2
25.605,2,1,nan,nan,nan,9.5054,-0.1877,6.5610,0.164,0.033,1,1,3,2
25.702,2,1,nan,nan,nan,9.5053,-0.1883,6.5606,0.165,0.033,1,1,3,2
25.807,2,1,nan,nan,nan,9.5053,-0.1883,6.5606,0.165,0.033,1,1,3,2
25.902,2,1,nan,nan,nan,9.5053,-0.1883,6.5606,0.165,0.033,1,1,3,2
26.007,2,1,nan,nan,nan,9.5053,-0.1883,6.5606,0.165,0.033,1,1,3,2
26.110,2,1,nan,nan,nan,9.5037,-0.1906,6.5573,0.170,0.033,1,1,3,2
26.205,2,1,nan,nan,nan,9.5037,-0.1906,6.5573,0.170,0.033,1,1,3,2
26.300,2,1,nan,nan,nan,9.5037,-0.1906,6.5573,0.170,0.033,1,1,3,2
26.406,2,1,nan,nan,nan,9.5037,-0.1906,6.5573,0.170,0.033,1,1,3,2
26.501,2,1,nan,nan,nan,9.5037,-0.1906,6.5573,0.170,0.033,1,1,3,2
26.602,2,1,nan,nan,nan,9.5046,-0.1864,6.5564,0.171,0.033,1,1,3,2
26.707,2,1,nan,nan,nan,9.5055,-0.1853,6.5563,0.167,0.033,1,1,3,2
26.802,2,1,nan,nan,nan,9.5055,-0.1853,6.5563,0.167,0.033,1,1,3,2
26.908,2,1,nan,nan,nan,9.5066,-0.1845,6.5566,0.171,0.033,1,1,3,2
27.002,2,1,nan,nan,nan,9.5083,-0.1846,6.5566,0.169,0.033,1,1,3,2
27.107,2,1,nan,nan,nan,9.5083,-0.1846,6.5566,0.169,0.033,1,1,3,2
27.201,2,1,nan,nan,nan,9.5083,-0.1846,6.5566,0.169,0.033,1,1,3,2
27.302,2,1,nan,nan,nan,9.5074,-0.2138,6.5550,0.167,0.033,1,1,3,2
27.408,2,1,nan,nan,nan,9.5076,-0.2149,6.5550,0.168,0.033,1,1,3,2
27.503,2,1,nan,nan,nan,9.5076,-0.2149,6.5550,0.168,0.033,1,1,3,2
27.610,2,1,nan,nan,nan,9.5037,-0.2261,6.5514,0.170,0.033,1,1,3,2
27.706,2,1,nan,nan,nan,9.5022,-0.2278,6.5511,0.166,0.033,1,1,3,2
27.802,2,1,nan,nan,nan,9.5022,-0.2278,6.5511,0.166,0.033,1,1,3,2
27.905,2,1,nan,nan,nan,9.4930,-0.2411,6.5532,0.166,0.034,1,1,3,2
28.004,2,1,nan,nan,nan,9.4915,-0.2365,6.5512,0.168,0.034,1,1,3,2
28.108,2,1,nan,nan,nan,9.4913,-0.2307,6.5446,0.169,0.034,1,1,3,2
28.204,2,1,nan,nan,nan,9.4952,-0.2204,6.5377,0.172,0.034,1,1,3,2
28.303,2,1,nan,nan,nan,9.4945,-0.2140,6.5321,0.177,0.034,1,1,3,2
28.407,2,1,nan,nan,nan,9.5109,-0.1730,6.5101,0.170,0.034,1,1,3,2
28.506,2,1,nan,nan,nan,9.5135,-0.1696,6.5091,0.172,0.034,1,1,3,2
28.601,2,1,nan,nan,nan,9.5135,-0.1696,6.5091,0.172,0.034,1,1,3,2
28.709,2,1,nan,nan,nan,9.5365,-0.1382,6.4955,0.178,0.035,1,1,3,2
28.805,2,1,nan,nan,nan,9.5499,-0.1306,6.4877,0.173,0.034,1,1,3,2
28.901,2,1,nan,nan,nan,9.5611,-0.1307,6.4854,0.173,0.035,1,1,3,2
29.000,2,1,nan,nan,nan,9.5650,-0.1308,6.4837,0.171,0.034,1,1,3,2
29.103,2,1,nan,nan,nan,9.5653,-0.1303,6.4832,0.172,0.034,1,1,3,2
29.209,2,1,nan,nan,nan,9.5653,-0.1303,6.4832,0.172,0.034,1,1,3,2
29.304,2,1,nan,nan,nan,9.5653,-0.1303,6.4832,0.172,0.034,1,1,3,2
29.403,2,1,nan,nan,nan,9.5676,-0.1420,6.4750,0.171,0.035,1,1,3,2
29.501,2,1,nan,nan,nan,9.5677,-0.1477,6.4740,0.168,0.034,1,1,3,2
29.601,2,1,nan,nan,nan,9.5681,-0.1516,6.4712,0.171,0.035,1,1,3,2
29.704,2,1,nan,nan,nan,9.5653,-0.1651,6.4563,0.174,0.035,1,1,3,2
29.800,2,1,nan,nan,nan,9.5630,-0.1698,6.4484,0.179,0.035,1,1,3,2
29.911,2,1,nan,nan,nan,9.5610,-0.1717,6.4416,0.174,0.035,1,1,3,2
30.005,2,1,nan,nan,nan,9.5610,-0.1717,6.4416,0.174,0.035,1,1,3,2
30.100,2,1,nan,nan,nan,9.5610,-0.1717,6.4416,0.174,0.035,1,1,3,2
30.205,2,1,nan,nan,nan,9.5615,-0.1751,6.4353,0.176,0.035,1,1,3,2
30.310,2,1,nan,nan,nan,9.5615,-0.1751,6.4353,0.176,0.035,1,1,3,2
30.405,2,1,nan,nan,nan,9.5615,-0.1751,6.4353,0.176,0.035,1,1,3,2
30.501,2,1,nan,nan,nan,9.5615,-0.1789,6.4258,0.179,0.035,1,1,3,2
30.607,2,1,nan,nan,nan,9.5616,-0.1822,6.4146,0.174,0.035,1,1,3,2
30.708,2,1,nan,nan,nan,9.5596,-0.1881,6.3961,0.172,0.035,1,1,3,2
30.803,2,1,nan,nan,nan,9.5592,-0.1894,6.3926,0.173,0.035,1,1,3,2
30.901,2,1,nan,nan,nan,9.5588,-0.1965,6.3591,0.176,0.035,1,1,3,2
31.007,2,1,nan,nan,nan,9.5588,-0.1965,6.3591,0.176,0.035,1,1,3,2
31.102,2,1,nan,nan,nan,9.5588,-0.1965,6.3591,0.176,0.035,1,1,3,2
31.209,2,1,nan,nan,nan,9.5565,-0.2027,6.3346,0.177,0.035,1,1,3,2
31.304,2,1,nan,nan,nan,9.5565,-0.2027,6.3346,0.177,0.035,1,1,3,2
31.410,2,1,nan,nan,nan,9.5565,-0.2027,6.3346,0.177,0.035,1,1,3,2
31.500,2,1,nan,nan,nan,9.5467,-0.2101,6.3059,0.178,0.035,1,1,3,2
31.604,2,1,nan,nan,nan,9.5288,-0.2153,6.2637,0.173,0.035,1,1,3,2
31.700,2,1,nan,nan,nan,9.5126,-0.2182,6.2196,0.173,0.035,1,1,3,2
31.810,2,1,nan,nan,nan,9.4975,-0.2215,6.1671,0.168,0.035,1,1,3,2
31.903,2,1,nan,nan,nan,9.4919,-0.2234,6.1355,0.173,0.034,1,1,3,2
32.004,2,1,nan,nan,nan,9.4896,-0.2220,6.1157,0.169,0.035,1,1,3,2
32.105,2,1,nan,nan,nan,9.4870,-0.2214,6.0922,0.172,0.034,1,1,3,2
32.202,2,1,nan,nan,nan,9.4829,-0.2195,6.0474,0.173,0.034,1,1,3,2
32.307,2,1,nan,nan,nan,9.4829,-0.2195,6.0474,0.173,0.034,1,1,3,2
32.405,2,1,nan,nan,nan,9.4814,-0.2183,6.0293,0.169,0.034,1,1,3,2
32.505,2,1,nan,nan,nan,9.4758,-0.2084,5.9780,0.171,0.034,1,1,3,2
32.610,2,1,nan,nan,nan,9.4758,-0.2084,5.9780,0.171,0.034,1,1,3,2
32.700,2,1,nan,nan,nan,9.4678,-0.1937,5.9196,0.177,0.034,1,1,3,2
32.802,2,1,nan,nan,nan,9.4673,-0.2014,5.8887,0.171,0.034,1,1,3,2
32.902,2,1,nan,nan,nan,9.4616,-0.2149,5.8507,0.173,0.034,1,1,3,2
33.003,2,1,nan,nan,nan,9.4532,-0.2259,5.7883,0.171,0.033,1,1,3,2
33.101,2,1,nan,nan,nan,9.4499,-0.2270,5.7481,0.177,0.033,1,1,3,2
33.210,2,1,nan,nan,nan,9.4496,-0.2271,5.7447,0.177,0.033,1,1,3,2
33.302,2,1,nan,nan,nan,9.4400,-0.2330,5.6439,0.179,0.034,1,1,3,2
33.409,2,1,nan,nan,nan,9.4435,-0.2223,5.5853,0.173,0.034,1,1,3,2
33.501,2,1,nan,nan,nan,9.4512,-0.2068,5.5424,0.173,0.033,1,1,3,2
33.609,2,1,nan,nan,nan,9.4669,-0.1787,5.4734,0.169,0.032,1,1,3,2
33.704,2,1,nan,nan,nan,9.4669,-0.1787,5.4734,0.169,0.032,1,1,3,2
33.803,2,1,nan,nan,nan,9.4720,-0.1736,5.4527,0.171,0.032,1,1,3,2
33.906,2,1,nan,nan,nan,9.5119,-0.1688,5.3278,0.169,0.032,1,1,3,2
34.009,2,1,nan,nan,nan,9.5225,-0.1731,5.3001,0.167,0.032,1,1,3,2
34.101,2,1,nan,nan,nan,9.5293,-0.1750,5.2766,0.171,0.032,1,1,3,2
34.210,2,1,nan,nan,nan,9.5347,-0.1723,5.2588,0.170,0.032,1,1,3,2
34.307,2,1,nan,nan,nan,9.5426,-0.1707,5.2439,0.168,0.031,1,1,3,2
34.409,2,1,nan,nan,nan,9.5468,-0.1651,5.2265,0.167,0.031,1,1,3,2
34.505,2,1,nan,nan,nan,9.5480,-0.1557,5.2065,0.165,0.031,1,1,3,2
34.602,2,1,nan,nan,nan,9.5460,-0.1459,5.1881,0.168,0.031,1,1,3,2
34.708,2,1,nan,nan,nan,9.5416,-0.1306,5.1646,0.167,0.031,1,1,3,2
34.806,2,1,nan,nan,nan,9.5363,-0.1179,5.1468,0.172,0.031,1,1,3,2
34.908,2,1,nan,nan,nan,9.5314,-0.1061,5.1324,0.168,0.031,1,1,3,2
35.006,2,1,nan,nan,nan,9.5266,-0.0843,5.1084,0.168,0.031,1,1,3,2
35.109,2,1,nan,nan,nan,9.5227,-0.0716,5.0952,0.165,0.031,1,1,3,2
35.201,2,1,nan,nan,nan,9.5229,-0.0704,5.0937,0.165,0.031,1,1,3,2
35.307,2,1,nan,nan,nan,9.5229,-0.0704,5.0937,0.165,0.031,1,1,3,2
35.402,2,1,nan,nan,nan,9.5229,-0.0704,5.0937,0.165,0.031,1,1,3,2
35.507,2,1,nan,nan,nan,9.5099,-0.0363,5.0211,0.163,0.031,1,1,3,2
35.606,2,1,nan,nan,nan,9.5055,-0.0344,4.9964,0.168,0.030,1,1,3,2
35.711,2,1,nan,nan,nan,9.5026,-0.0351,4.9772,0.166,0.030,1,1,3,2
35.802,2,1,nan,nan,nan,9.4977,-0.0384,4.9553,0.170,0.030,1,1,3,2
35.908,2,1,nan,nan,nan,9.4948,-0.0450,4.9373,0.168,0.030,1,1,3,2
36.005,2,1,nan,nan,nan,9.4949,-0.0512,4.9185,0.165,0.030,1,1,3,2
36.105,2,1,nan,nan,nan,9.4964,-0.0556,4.8989,0.169,0.030,1,1,3,2
36.207,2,1,nan,nan,nan,9.4973,-0.0577,4.8800,0.167,0.030,1,1,3,2
36.302,2,1,nan,nan,nan,9.4994,-0.0570,4.8661,0.164,0.030,1,1,3,2
36.401,2,1,nan,nan,nan,9.5046,-0.0583,4.8427,0.163,0.030,1,1,3,2
36.510,2,1,nan,nan,nan,9.5064,-0.0583,4.8196,0.162,0.030,1,1,3,2
36.603,2,1,nan,nan,nan,9.5047,-0.0563,4.7994,0.166,0.030,1,1,3,2
36.710,2,1,nan,nan,nan,9.5057,-0.0545,4.7793,0.164,0.030,1,1,3,2
36.806,2,1,nan,nan,nan,9.5057,-0.0530,4.7583,0.168,0.030,1,1,3,2
36.907,2,1,nan,nan,nan,9.5038,-0.0536,4.7384,0.166,0.030,1,1,3,2
37.009,2,1,nan,nan,nan,9.5042,-0.0537,4.7189,0.164,0.030,1,1,3,2
37.107,2,1,nan,nan,nan,9.5070,-0.0554,4.7025,0.163,0.029,1,1,3,2
37.206,2,1,nan,nan,nan,9.5082,-0.0596,4.6871,0.166,0.030,1,1,3,2
37.310,2,1,nan,nan,nan,9.5107,-0.0637,4.6706,0.164,0.030,1,1,3,2
37.404,2,1,nan,nan,nan,9.5118,-0.0684,4.6548,0.163,0.030,1,1,3,2
37.508,2,1,nan,nan,nan,9.5149,-0.0745,4.6399,0.161,0.029,1,1,3,2
37.606,2,1,nan,nan,nan,9.5179,-0.0779,4.6236,0.165,0.030,1,1,3,2
37.701,2,1,nan,nan,nan,9.5185,-0.0793,4.6047,0.162,0.030,1,1,3,2
37.804,2,1,nan,nan,nan,9.5204,-0.0818,4.5915,0.165,0.030,1,1,3,2
37.909,2,1,nan,nan,nan,9.5225,-0.0878,4.5735,0.164,0.029,1,1,3,2
38.007,2,1,nan,nan,nan,9.5241,-0.0946,4.5544,0.162,0.029,1,1,3,2
38.104,2,1,nan,nan,nan,9.5252,-0.0991,4.5385,0.160,0.029,1,1,3,2
38.201,2,1,nan,nan,nan,9.5238,-0.1069,4.5204,0.164,0.029,1,1,3,2
38.308,2,1,nan,nan,nan,9.5241,-0.1176,4.5037,0.162,0.029,1,1,3,2
38.406,2,1,nan,nan,nan,9.5246,-0.1293,4.4848,0.161,0.029,1,1,3,2
38.501,2,1,nan,nan,nan,9.5257,-0.1355,4.4740,0.159,0.029,1,1,3,2
38.607,2,1,nan,nan,nan,9.5257,-0.1431,4.4581,0.163,0.029,1,1,3,2
38.701,2,1,nan,nan,nan,9.5241,-0.1450,4.4426,0.161,0.029,1,1,3,2
38.801,2,1,nan,nan,nan,9.5213,-0.1404,4.4258,0.165,0.029,1,1,3,2
38.905,2,1,nan,nan,nan,9.5182,-0.1351,4.4108,0.163,0.029,1,1,3,2
39.003,2,1,nan,nan,nan,9.5134,-0.1319,4.3966,0.161,0.029,1,1,3,2
39.106,2,1,nan,nan,nan,9.5042,-0.1265,4.3776,0.160,0.029,1,1,3,2
39.204,2,1,nan,nan,nan,9.4963,-0.1208,4.3595,0.158,0.029,1,1,3,2
39.306,2,1,nan,nan,nan,9.4914,-0.1116,4.3425,0.162,0.029,1,1,3,2
39.400,2,1,nan,nan,nan,9.4879,-0.1015,4.3305,0.160,0.029,1,1,3,2
39.506,2,1,nan,nan,nan,9.4820,-0.0930,4.3196,0.158,0.029,1,1,3,2
39.606,2,1,nan,nan,nan,9.4759,-0.0855,4.3114,0.161,0.029,1,1,3,2
39.704,2,1,nan,nan,nan,9.4693,-0.0787,4.3081,0.160,0.029,1,1,3,2
39.800,2,1,nan,nan,nan,9.4619,-0.0732,4.3072,0.164,0.029,1,1,3,2
39.900,2,1,nan,nan,nan,9.4568,-0.0728,4.3080,0.162,0.029,1,1,3,2
40.001,2,1,nan,nan,nan,9.4506,-0.0730,4.3073,0.160,0.029,1,1,3,2
40.102,2,1,nan,nan,nan,9.4459,-0.0730,4.3056,0.159,0.029,1,1,3,2
40.204,2,1,nan,nan,nan,9.4413,-0.0739,4.3026,0.157,0.029,1,1,3,2
40.303,2,1,nan,nan,nan,9.4374,-0.0735,4.3000,0.160,0.029,1,1,3,2
40.407,2,1,nan,nan,nan,9.4322,-0.0733,4.2966,0.159,0.029,1,1,3,2
40.507,2,1,nan,nan,nan,9.4283,-0.0704,4.2951,0.157,0.029,1,1,3,2
40.607,2,1,nan,nan,nan,9.4228,-0.0656,4.2948,0.161,0.029,1,1,3,2
40.705,2,1,nan,nan,nan,9.4186,-0.0595,4.2945,0.159,0.029,1,1,3,2
40.801,2,1,nan,nan,nan,9.4162,-0.0550,4.2942,0.163,0.029,1,1,3,2
40.900,2,1,nan,nan,nan,9.4135,-0.0519,4.2947,0.161,0.029,1,1,3,2
41.009,2,1,nan,nan,nan,9.4097,-0.0518,4.2962,0.159,0.029,1,1,3,2
41.106,2,1,nan,nan,nan,9.4074,-0.0541,4.2986,0.158,0.029,1,1,3,2
41.201,2,1,nan,nan,nan,9.4058,-0.0621,4.3021,0.162,0.029,1,1,3,2
41.303,2,1,nan,nan,nan,9.4055,-0.0736,4.3041,0.160,0.029,1,1,3,2
41.402,2,1,nan,nan,nan,9.4041,-0.0862,4.3059,0.159,0.029,1,1,3,2
41.504,2,1,nan,nan,nan,9.4048,-0.0969,4.3084,0.158,0.030,1,1,3,2
41.609,2,1,nan,nan,nan,9.4072,-0.1098,4.3113,0.161,0.029,1,1,3,2
41.710,2,1,nan,nan,nan,9.4095,-0.1246,4.3152,0.159,0.030,1,1,3,2
41.805,2,1,nan,nan,nan,9.4135,-0.1398,4.3207,0.163,0.030,1,1,3,2
41.907,2,1,nan,nan,nan,9.4157,-0.1503,4.3230,0.161,0.030,1,1,3,2
42.007,2,1,nan,nan,nan,9.4163,-0.1608,4.3241,0.160,0.030,1,1,3,2
42.102,2,1,nan,nan,nan,9.4154,-0.1716,4.3266,0.159,0.030,1,1,3,2
42.205,2,1,nan,nan,nan,9.4149,-0.1801,4.3297,0.163,0.030,1,1,3,2
42.304,2,1,nan,nan,nan,9.4116,-0.1887,4.3322,0.161,0.030,1,1,3,2
42.401,2,1,nan,nan,nan,9.4086,-0.1950,4.3332,0.160,0.030,1,1,3,2
42.502,2,1,nan,nan,nan,9.4066,-0.1996,4.3355,0.159,0.030,1,1,3,2
42.610,2,1,nan,nan,nan,9.4062,-0.1991,4.3371,0.163,0.030,1,1,3,2
42.701,2,1,nan,nan,nan,9.4042,-0.1944,4.3374,0.161,0.031,1,1,3,2
42.803,2,1,nan,nan,nan,9.3999,-0.1890,4.3365,0.165,0.031,1,1,3,2
42.902,2,1,nan,nan,nan,9.3953,-0.1864,4.3350,0.163,0.030,1,1,3,2
43.001,2,1,nan,nan,nan,9.3893,-0.1806,4.3322,0.162,0.030,1,1,3,2
43.107,2,1,nan,nan,nan,9.3850,-0.1756,4.3292,0.160,0.031,1,1,3,2
43.201,2,1,nan,nan,nan,9.3827,-0.1749,4.3270,0.159,0.030,1,1,3,2
43.301,2,1,nan,nan,nan,9.3789,-0.1719,4.3225,0.163,0.031,1,1,3,2
43.401,2,1,nan,nan,nan,9.3760,-0.1705,4.3176,0.161,0.031,1,1,3,2
43.502,2,1,nan,nan,nan,9.3750,-0.1700,4.3109,0.160,0.031,1,1,3,2
43.608,2,1,nan,nan,nan,9.3773,-0.1634,4.3043,0.164,0.031,1,1,3,2
43.710,2,1,nan,nan,nan,9.3834,-0.1582,4.2967,0.163,0.031,1,1,3,2
43.804,2,1,nan,nan,nan,9.3887,-0.1453,4.2841,0.167,0.031,1,1,3,2
43.905,2,1,nan,nan,nan,9.3951,-0.1362,4.2693,0.165,0.031,1,1,3,2
44.006,2,1,nan,nan,nan,9.4014,-0.1323,4.2590,0.163,0.031,1,1,3,2
44.106,2,1,nan,nan,nan,9.4132,-0.1292,4.2415,0.162,0.031,1,1,3,2
44.201,2,1,nan,nan,nan,9.4239,-0.1279,4.2280,0.161,0.031,1,1,3,2
44.303,2,1,nan,nan,nan,9.4322,-0.1262,4.2161,0.164,0.031,1,1,3,2
44.410,2,1,nan,nan,nan,9.4422,-0.1209,4.2014,0.163,0.031,1,1,3,2
44.506,2,1,nan,nan,nan,9.4487,-0.1118,4.1855,0.162,0.031,1,1,3,2
44.601,2,1,nan,nan,nan,9.4538,-0.1038,4.1703,0.166,0.031,1,1,3,2
44.703,2,1,nan,nan,nan,9.4573,-0.0956,4.1583,0.164,0.031,1,1,3,2
44.803,2,1,nan,nan,nan,9.4620,-0.0831,4.1417,0.163,0.031,1,1,3,2
44.910,2,1,nan,nan,nan,9.4645,-0.0771,4.1310,0.161,0.031,1,1,3,2
45.002,2,1,nan,nan,nan,9.4683,-0.0664,4.1107,0.160,0.031,1,1,3,2
45.101,2,1,nan,nan,nan,9.4718,-0.0549,4.0932,0.159,0.031,1,1,3,2
45.201,2,1,nan,nan,nan,9.4727,-0.0469,4.0792,0.163,0.031,1,1,3,2
45.305,2,1,nan,nan,nan,9.4707,-0.0414,4.0594,0.162,0.031,1,1,3,2
45.403,2,1,nan,nan,nan,9.4727,-0.0349,4.0446,0.161,0.031,1,1,3,2
45.503,2,1,nan,nan,nan,9.4730,-0.0283,4.0299,0.160,0.031,1,1,3,2
45.605,2,1,nan,nan,nan,9.4704,-0.0217,4.0141,0.163,0.031,1,1,3,2
45.707,2,1,nan,nan,nan,9.4681,-0.0142,3.9976,0.162,0.031,1,1,3,2
45.803,2,1,nan,nan,nan,9.4642,-0.0033,3.9820,0.161,0.030,1,1,3,2
45.902,2,1,nan,nan,nan,9.4588,0.0057,3.9668,0.160,0.030,1,1,3,2
46.007,2,1,nan,nan,nan,9.4550,0.0142,3.9517,0.158,0.030,1,1,3,2
46.105,2,1,nan,nan,nan,9.4484,0.0216,3.9343,0.157,0.030,1,1,3,2
46.200,2,1,nan,nan,nan,9.4449,0.0317,3.9150,0.157,0.030,1,1,3,2
46.301,2,1,nan,nan,nan,9.4425,0.0347,3.9025,0.159,0.030,1,1,3,2
46.404,2,1,nan,nan,nan,9.4382,0.0404,3.8817,0.158,0.030,1,1,3,2
46.502,2,1,nan,nan,nan,9.4355,0.0449,3.8594,0.157,0.030,1,1,3,2
46.605,2,1,nan,nan,nan,9.4334,0.0463,3.8423,0.161,0.030,1,1,3,2
46.705,2,1,nan,nan,nan,9.4290,0.0450,3.8275,0.160,0.030,1,1,3,2
46.802,2,1,nan,nan,nan,9.4249,0.0421,3.8094,0.159,0.030,1,1,3,2
46.905,2,1,nan,nan,nan,9.4203,0.0376,3.7916,0.159,0.030,1,1,3,2
47.008,2,1,nan,nan,nan,9.4185,0.0367,3.7859,0.160,0.030,1,1,3,2
47.102,2,1,nan,nan,nan,9.4185,0.0367,3.7859,0.160,0.030,1,1,3,2
47.208,2,1,nan,nan,nan,9.4185,0.0367,3.7859,0.160,0.030,1,1,3,2
47.309,2,1,nan,nan,nan,9.4105,0.0140,3.7200,0.159,0.030,1,1,3,2
47.403,2,1,nan,nan,nan,9.4105,0.0130,3.7044,0.157,0.030,1,1,3,2
47.502,2,1,nan,nan,nan,9.4130,0.0128,3.6849,0.156,0.030,1,1,3,2
47.608,2,1,nan,nan,nan,9.4151,0.0157,3.6641,0.161,0.029,1,1,3,2
47.706,2,1,nan,nan,nan,9.4181,0.0186,3.6454,0.154,0.029,1,1,3,2
47.800,2,1,nan,nan,nan,9.4221,0.0203,3.6301,0.157,0.029,1,1,3,2
47.907,2,1,nan,nan,nan,9.4259,0.0244,3.6074,0.157,0.029,1,1,3,2
48.002,2,1,nan,nan,nan,9.4294,0.0259,3.5923,0.155,0.029,1,1,3,2
48.108,2,1,nan,nan,nan,9.4327,0.0269,3.5728,0.153,0.029,1,1,3,2
48.205,2,1,nan,nan,nan,9.4342,0.0273,3.5557,0.156,0.029,1,1,3,2
48.302,2,1,nan,nan,nan,9.4367,0.0272,3.5416,0.155,0.029,1,1,3,2
48.402,2,1,nan,nan,nan,9.4358,0.0286,3.5240,0.154,0.029,1,1,3,2
48.505,2,1,nan,nan,nan,9.4344,0.0331,3.4969,0.154,0.029,1,1,3,2
48.609,2,1,nan,nan,nan,9.4335,0.0352,3.4742,0.157,0.029,1,1,3,2
48.701,2,1,nan,nan,nan,9.4326,0.0359,3.4605,0.155,0.029,1,1,3,2
48.804,2,1,nan,nan,nan,9.4320,0.0347,3.4390,0.154,0.029,1,1,3,2
48.901,2,1,nan,nan,nan,9.4290,0.0312,3.4209,0.153,0.029,1,1,3,2
49.001,2,1,nan,nan,nan,9.4228,0.0252,3.4015,0.152,0.028,1,1,3,2
49.103,14,1,nan,nan,nan,9.4186,0.0206,3.3847,0.150,0.028,1,1,3,2
49.205,14,1,9.4161,0.0159,3.3723,9.4146,0.0133,3.3657,0.153,0.029,1,1,3,2
49.302,14,1,9.4161,0.0159,3.3723,9.4145,0.0031,3.3514,0.152,0.029,1,1,3,2
49.409,14,1,9.4161,0.0159,3.3723,9.4136,-0.0064,3.3462,0.151,0.028,1,1,3,2
49.507,14,1,9.4161,0.0159,3.3723,9.4108,-0.0144,3.3498,0.150,0.028,1,1,3,2
49.606,14,1,9.4161,0.0159,3.3723,9.4116,-0.0229,3.3557,0.153,0.028,1,1,3,2
49.700,14,1,9.4161,0.0159,3.3723,9.4123,-0.0289,3.3608,0.151,0.028,1,1,3,2
49.804,14,1,9.4161,0.0159,3.3723,9.4124,-0.0357,3.3686,0.154,0.028,1,1,3,2
49.901,14,1,9.4161,0.0159,3.3723,9.4135,-0.0431,3.3755,0.154,0.028,1,1,3,2
50.009,14,1,9.4161,0.0159,3.3723,9.4148,-0.0474,3.3814,0.152,0.028,1,1,3,2
50.101,14,1,9.4161,0.0159,3.3723,9.4161,-0.0512,3.3878,0.151,0.028,1,1,3,2
50.208,14,1,9.4161,0.0159,3.3723,9.4176,-0.0551,3.3947,0.150,0.028,1,1,3,2
50.307,14,1,9.4161,0.0159,3.3723,9.4187,-0.0560,3.3986,0.153,0.028,1,1,3,2
50.404,14,1,9.4161,0.0159,3.3723,9.4195,-0.0558,3.4022,0.151,0.028,1,1,3,2
50.505,14,1,9.4161,0.0159,3.3723,9.4242,-0.0565,3.4071,0.151,0.028,1,1,3,2
50.604,14,1,9.4161,0.0159,3.3723,9.4279,-0.0579,3.4102,0.154,0.028,1,1,3,2
50.702,14,1,9.4161,0.0159,3.3723,9.4326,-0.0568,3.4130,0.152,0.028,1,1,3,2
50.801,14,1,9.4161,0.0159,3.3723,9.4397,-0.0518,3.4143,0.156,0.028,1,1,3,2
50.907,14,1,9.4161,0.0159,3.3723,9.4454,-0.0453,3.4155,0.155,0.028,1,1,3,2
51.002,14,1,9.4161,0.0159,3.3723,9.4525,-0.0415,3.4171,0.153,0.028,1,1,3,2
51.107,14,1,9.4161,0.0159,3.3723,9.4620,-0.0373,3.4200,0.152,0.029,1,1,3,2
51.210,14,1,9.4161,0.0159,3.3723,9.4722,-0.0308,3.4238,0.151,0.028,1,1,3,2
51.308,14,1,9.4161,0.0159,3.3723,9.4787,-0.0263,3.4267,0.154,0.028,1,1,3,2
51.402,14,1,9.4161,0.0159,3.3723,9.4861,-0.0235,3.4291,0.153,0.028,1,1,3,2
51.505,14,1,9.4161,0.0159,3.3723,9.4939,-0.0218,3.4319,0.152,0.029,1,1,3,2
51.602,14,1,9.4161,0.0159,3.3723,9.5006,-0.0238,3.4323,0.155,0.028,1,1,3,2
51.708,14,1,9.4161,0.0159,3.3723,9.5040,-0.0283,3.4312,0.154,0.028,1,1,3,2
51.801,14,1,9.4161,0.0159,3.3723,9.5031,-0.0364,3.4287,0.157,0.029,1,1,3,2
51.905,14,1,9.4161,0.0159,3.3723,9.5045,-0.0467,3.4272,0.155,0.029,1,1,3,2
52.004,14,1,9.4161,0.0159,3.3723,9.5092,-0.0642,3.4269,0.155,0.029,1,1,3,2
52.104,14,1,9.4161,0.0159,3.3723,9.5112,-0.0719,3.4267,0.157,0.029,1,1,3,2
52.201,14,1,9.4161,0.0159,3.3723,9.5169,-0.0850,3.4270,0.157,0.029,1,1,3,2
52.300,14,1,9.4161,0.0159,3.3723,9.5217,-0.0988,3.4284,0.155,0.029,1,1,3,2
52.400,14,1,9.4161,0.0159,3.3723,9.5276,-0.1085,3.4295,0.154,0.029,1,1,3,2
52.503,14,1,9.4161,0.0159,3.3723,9.5335,-0.1140,3.4315,0.153,0.029,1,1,3,2
52.603,14,1,9.4161,0.0159,3.3723,9.5382,-0.1108,3.4324,0.157,0.029,1,1,3,2
52.706,14,1,9.4161,0.0159,3.3723,9.5396,-0.1004,3.4325,0.156,0.029,1,1,3,2
52.804,14,1,9.4161,0.0159,3.3723,9.5411,-0.0876,3.4330,0.159,0.029,1,1,3,2
52.902,14,1,9.4161,0.0159,3.3723,9.5443,-0.0778,3.4335,0.157,0.029,1,1,3,2
53.007,14,1,9.4161,0.0159,3.3723,9.5526,-0.0636,3.4357,0.157,0.029,1,1,3,2
53.100,14,1,9.4161,0.0159,3.3723,9.5598,-0.0542,3.4385,0.156,0.029,1,1,3,2
53.200,14,1,9.4161,0.0159,3.3723,9.5649,-0.0449,3.4392,0.159,0.029,1,1,3,2
53.310,14,1,9.4161,0.0159,3.3723,9.5695,-0.0322,3.4394,0.158,0.029,1,1,3,2
53.407,14,1,9.4161,0.0159,3.3723,9.5752,-0.0255,3.4401,0.157,0.029,1,1,3,2
53.500,14,1,9.4161,0.0159,3.3723,9.5767,-0.0226,3.4413,0.154,0.029,1,1,3,2
53.608,14,1,9.4161,0.0159,3.3723,9.5781,-0.0197,3.4432,0.158,0.030,1,1,3,2
53.708,14,1,9.4161,0.0159,3.3723,9.5829,-0.0181,3.4475,0.158,0.029,1,1,3,2
53.806,14,1,9.4161,0.0159,3.3723,9.5859,-0.0137,3.4504,0.161,0.029,1,1,3,2
53.907,14,1,9.4161,0.0159,3.3723,9.5883,-0.0088,3.4505,0.160,0.029,1,1,3,2
54.003,14,1,9.4161,0.0159,3.3723,9.5903,-0.0049,3.4487,0.158,0.030,1,1,3,2
54.105,14,1,9.4161,0.0159,3.3723,9.5908,-0.0010,3.4454,0.157,0.030,1,1,3,2
54.204,14,1,9.4161,0.0159,3.3723,9.5905,0.0019,3.4421,0.161,0.030,1,1,3,2
54.307,14,1,9.4161,0.0159,3.3723,9.5916,0.0036,3.4402,0.160,0.030,1,1,3,2
54.405,14,1,9.4161,0.0159,3.3723,9.5880,0.0004,3.4363,0.159,0.030,1,1,3,2
54.505,14,1,9.4161,0.0159,3.3723,9.5871,-0.0087,3.4323,0.157,0.030,1,1,3,2
54.607,14,1,9.4161,0.0159,3.3723,9.5861,-0.0166,3.4301,0.161,0.030,1,1,3,2
54.709,14,1,9.4161,0.0159,3.3723,9.5832,-0.0231,3.4269,0.159,0.030,1,1,3,2
54.808,14,1,9.4161,0.0159,3.3723,9.5749,-0.0331,3.4230,0.164,0.030,1,1,3,2
54.907,14,1,9.4161,0.0159,3.3723,9.5720,-0.0458,3.4219,0.162,0.030,1,1,3,2
55.002,14,1,9.4161,0.0159,3.3723,9.5687,-0.0590,3.4214,0.161,0.030,1,1,3,2
55.107,14,1,9.4161,0.0159,3.3723,9.5630,-0.0692,3.4207,0.160,0.030,1,1,3,2
55.208,14,1,9.4161,0.0159,3.3723,9.5573,-0.0744,3.4198,0.164,0.030,1,1,3,2
55.303,14,1,9.4161,0.0159,3.3723,9.5512,-0.0777,3.4182,0.163,0.030,1,1,3,2
55.403,14,1,9.4161,0.0159,3.3723,9.5429,-0.0767,3.4165,0.162,0.030,1,1,3,2
55.510,14,1,9.4161,0.0159,3.3723,9.5361,-0.0709,3.4152,0.161,0.030,1,1,3,2
55.603,14,1,9.4161,0.0159,3.3723,9.5297,-0.0636,3.4139,0.164,0.030,1,1,3,2
55.701,14,1,9.4161,0.0159,3.3723,9.5235,-0.0584,3.4125,0.162,0.030,1,1,3,2
55.810,14,1,9.4161,0.0159,3.3723,9.5155,-0.0525,3.4103,0.167,0.031,1,1,3,2
55.910,14,1,9.4161,0.0159,3.3723,9.5094,-0.0464,3.4078,0.165,0.031,1,1,3,2
56.010,14,1,9.4161,0.0159,3.3723,9.5046,-0.0420,3.4061,0.164,0.031,1,1,3,2
56.106,14,1,9.4161,0.0159,3.3723,9.5001,-0.0373,3.4064,0.163,0.030,1,1,3,2
56.204,14,1,9.4161,0.0159,3.3723,9.4968,-0.0338,3.4072,0.166,0.031,1,1,3,2
56.310,14,1,9.4161,0.0159,3.3723,9.4906,-0.0328,3.4085,0.166,0.030,1,1,3,2
56.400,14,1,9.4161,0.0159,3.3723,9.4887,-0.0331,3.4089,0.162,0.031,1,1,3,2
56.506,14,1,9.4161,0.0159,3.3723,9.4887,-0.0331,3.4089,0.162,0.031,1,1,3,2
56.605,14,1,9.4161,0.0159,3.3723,9.4864,-0.0390,3.4101,0.163,0.031,1,1,3,2
56.711,14,1,9.4161,0.0159,3.3723,9.4864,-0.0390,3.4101,0.163,0.031,1,1,3,2
56.805,14,1,9.4161,0.0159,3.3723,9.4864,-0.0390,3.4101,0.163,0.031,1,1,3,2
56.901,14,1,9.4161,0.0159,3.3723,9.4864,-0.0390,3.4101,0.163,0.031,1,1,3,2
57.007,14,1,9.4161,0.0159,3.3723,9.4864,-0.0390,3.4101,0.163,0.031,1,1,3,2
57.108,14,1,9.4161,0.0159,3.3723,9.4699,-0.0367,3.4176,0.170,0.031,1,1,3,2
57.208,14,1,9.4161,0.0159,3.3723,9.4745,-0.0283,3.4190,0.169,0.031,1,1,3,2
57.304,14,1,9.4161,0.0159,3.3723,9.4745,-0.0283,3.4190,0.169,0.031,1,1,3,2
57.409,14,1,9.4161,0.0159,3.3723,9.4745,-0.0283,3.4190,0.169,0.031,1,1,3,2
57.504,14,1,9.4161,0.0159,3.3723,9.4745,-0.0283,3.4190,0.169,0.031,1,1,3,2
57.605,14,1,9.4161,0.0159,3.3723,9.4839,0.0042,3.4226,0.168,0.032,1,1,3,2
57.709,14,1,9.4161,0.0159,3.3723,9.4857,0.0125,3.4223,0.166,0.032,1,1,3,2
57.804,14,1,9.4161,0.0159,3.3723,9.4886,0.0219,3.4246,0.172,0.032,1,1,3,2
57.905,14,1,9.4161,0.0159,3.3723,9.4895,0.0271,3.4267,0.170,0.032,1,1,3,2
58.006,14,1,9.4161,0.0159,3.3723,9.4926,0.0359,3.4293,0.168,0.032,1,1,3,2
58.103,14,1,9.4161,0.0159,3.3723,9.4961,0.0400,3.4319,0.167,0.032,1,1,3,2
58.209,14,1,9.4161,0.0159,3.3723,9.4968,0.0408,3.4325,0.168,0.032,1,1,3,2
58.302,14,1,9.4161,0.0159,3.3723,9.4988,0.0461,3.4350,0.169,0.032,1,1,3,2
58.408,14,1,9.4161,0.0159,3.3723,9.5006,0.0491,3.4356,0.167,0.032,1,1,3,2
58.504,14,1,9.4161,0.0159,3.3723,9.5018,0.0504,3.4380,0.166,0.032,1,1,3,2
58.602,14,1,9.4161,0.0159,3.3723,9.5026,0.0492,3.4401,0.168,0.032,1,1,3,2
58.706,14,1,9.4161,0.0159,3.3723,9.5017,0.0480,3.4414,0.172,0.032,1,1,3,2
58.806,14,1,9.4161,0.0159,3.3723,9.4962,0.0427,3.4432,0.175,0.033,1,1,3,2
58.901,14,1,9.4161,0.0159,3.3723,9.4929,0.0368,3.4433,0.173,0.033,1,1,3,2
59.009,14,1,9.4161,0.0159,3.3723,9.4882,0.0328,7.6170,0.170,0.179,1,1,3,3
59.104,14,1,9.4161,0.0159,3.3723,9.4801,0.0290,7.6134,0.175,0.075,1,1,3,3
59.201,14,1,9.4161,0.0159,3.3723,9.4758,0.0267,7.5888,0.170,0.061,1,1,3,3
59.301,14,1,9.4161,0.0159,3.3723,9.4670,0.0198,7.4096,0.171,0.046,1,1,3,3
59.403,14,1,9.4161,0.0159,3.3723,9.4630,0.0148,7.2131,0.170,0.041,1,1,3,3
59.500,14,1,9.4161,0.0159,3.3723,9.4613,0.0071,6.9953,0.169,0.037,1,1,3,3
59.607,14,1,9.4161,0.0159,3.3723,9.4640,-0.0018,6.7887,0.173,0.034,1,1,3,3
59.706,14,1,9.4161,0.0159,3.3723,9.4640,-0.0100,6.6597,0.169,0.034,1,1,3,3
59.801,14,1,9.4161,0.0159,3.3723,9.4640,-0.0100,6.6597,0.169,0.034,1,1,3,3
59.906,14,1,9.4161,0.0159,3.3723,9.4640,-0.0100,6.6597,0.169,0.034,1,1,3,3
60.000,14,1,9.4161,0.0159,3.3723,9.4640,-0.0100,6.6597,0.169,0.034,1,1,3,3
60.106,14,1,9.4161,0.0159,3.3723,9.4640,-0.0100,6.6597,0.169,0.034,1,1,3,3
60.202,14,1,9.4161,0.0159,3.3723,9.5027,-0.1010,5.4398,0.159,0.029,1,1,3,3
60.304,14,1,9.4161,0.0159,3.3723,9.5197,-0.1059,5.2382,0.160,0.028,1,1,3,3
60.402,14,1,9.4161,0.0159,3.3723,9.5153,-0.1067,5.0572,0.156,0.027,1,1,3,3
60.508,14,1,9.4161,0.0159,3.3723,9.5153,-0.1067,5.0572,0.156,0.027,1,1,3,3
60.603,14,1,9.4161,0.0159,3.3723,9.5153,-0.1067,5.0572,0.156,0.027,1,1,3,3
60.709,14,1,9.4161,0.0159,3.3723,9.5153,-0.1067,5.0572,0.156,0.027,1,1,3,3
60.803,14,1,9.4161,0.0159,3.3723,9.5153,-0.1067,5.0572,0.156,0.027,1,1,3,3
60.902,14,1,9.4161,0.0159,3.3723,9.6403,-0.0363,4.6432,0.138,0.027,1,1,3,3
61.009,14,1,9.4161,0.0159,3.3723,9.6496,-0.0201,4.5675,0.136,0.030,1,1,3,3
61.100,14,1,9.4161,0.0159,3.3723,9.6604,-0.0108,4.5601,0.134,0.029,1,1,3,3
61.201,14,1,9.4161,0.0159,3.3723,9.6630,-0.0075,4.5573,0.134,0.028,1,1,3,3
61.307,14,1,9.4161,0.0159,3.3723,9.6630,-0.0075,4.5573,0.134,0.028,1,1,3,3
61.402,14,1,9.4161,0.0159,3.3723,9.6630,-0.0075,4.5573,0.134,0.028,1,1,3,3
61.508,14,1,9.4161,0.0159,3.3723,9.6630,-0.0075,4.5573,0.134,0.028,1,1,3,3
61.601,14,1,9.4161,0.0159,3.3723,9.5958,-0.0043,4.4685,0.127,0.047,1,1,3,3
61.704,14,1,9.4161,0.0159,3.3723,9.5821,0.0007,4.4524,0.125,0.051,1,1,3,3
61.806,14,1,9.4161,0.0159,3.3723,9.5710,0.0052,4.4390,0.125,0.057,1,1,3,3
61.908,14,1,9.4161,0.0159,3.3723,9.5656,0.0084,4.4322,0.123,0.060,1,1,3,3
62.003,14,1,9.4161,0.0159,3.3723,9.5656,0.0084,4.4322,0.123,0.060,1,1,3,3
62.109,14,1,9.4161,0.0159,3.3723,9.5656,0.0084,4.4322,0.123,0.060,1,1,3,3
62.204,14,1,9.4161,0.0159,3.3723,9.5656,0.0084,4.4322,0.123,0.060,1,1,3,3
62.304,14,1,9.4161,0.0159,3.3723,9.5500,0.0221,4.3981,0.117,0.076,1,1,3,3
62.401,14,1,9.4161,0.0159,3.3723,9.5435,0.0252,4.3874,0.116,0.084,1,1,3,3
62.504,14,1,9.4161,0.0159,3.3723,9.5388,0.0250,4.3829,0.114,0.088,1,1,3,3
62.601,14,1,9.4161,0.0159,3.3723,9.5345,0.0241,4.3786,0.114,0.094,1,1,3,3
62.707,14,1,9.4161,0.0159,3.3723,9.5345,0.0241,4.3786,0.114,0.094,1,1,3,3
62.802,14,1,9.4161,0.0159,3.3723,9.5345,0.0241,4.3786,0.114,0.094,1,1,3,3
62.908,14,1,9.4161,0.0159,3.3723,9.5345,0.0241,4.3786,0.114,0.094,1,1,3,3
63.002,14,1,9.4161,0.0159,3.3723,9.5345,0.0241,4.3786,0.114,0.094,1,1,3,3
63.110,14,1,9.4161,0.0159,3.3723,9.5185,0.0251,4.3736,0.109,0.114,1,1,3,3
63.211,14,1,9.4161,0.0159,3.3723,9.5143,0.0265,4.3781,0.107,0.118,1,1,3,3
63.302,14,1,9.4161,0.0159,3.3723,9.5117,0.0274,4.3814,0.107,0.123,1,1,3,3
63.406,14,1,9.4161,0.0159,3.3723,9.5100,0.0281,4.3839,0.106,0.123,1,1,3,3
63.501,14,1,9.4161,0.0159,3.3723,9.5100,0.0281,4.3839,0.106,0.123,1,1,3,3
63.606,14,1,9.4161,0.0159,3.3723,9.5100,0.0281,4.3839,0.106,0.123,1,1,3,3
63.701,14,1,9.4161,0.0159,3.3723,9.5100,0.0281,4.3839,0.106,0.123,1,1,3,3
63.807,14,1,9.4161,0.0159,3.3723,9.5100,0.0281,4.3839,0.106,0.123,1,1,3,3
63.903,14,1,9.4161,0.0159,3.3723,9.4941,0.0314,4.4162,0.103,0.142,1,1,3,3
64.009,14,1,9.4161,0.0159,3.3723,9.4903,0.0316,4.4241,0.102,0.144,1,1,3,3
64.105,14,1,9.4161,0.0159,3.3723,9.4869,0.0319,4.4313,0.101,0.144,1,1,3,3
64.203,14,1,9.4161,0.0159,3.3723,9.4865,0.0319,4.4323,0.101,0.145,1,1,3,3
64.309,14,1,9.4161,0.0159,3.3723,9.4865,0.0319,4.4323,0.101,0.145,1,1,3,3
64.404,14,1,9.4161,0.0159,3.3723,9.4865,0.0319,4.4323,0.101,0.145,1,1,3,3
64.505,14,1,9.4161,0.0159,3.3723,9.4706,0.0357,4.4724,0.098,0.152,1,1,3,3
64.605,14,1,9.4161,0.0159,3.3723,9.4674,0.0371,4.4836,0.098,0.158,1,1,3,3
64.707,14,1,9.4161,0.0159,3.3723,9.4639,0.0385,4.4938,0.097,0.157,1,1,3,3
64.802,14,1,9.4161,0.0159,3.3723,9.4609,0.0399,4.5033,0.097,0.163,1,1,3,3
64.902,14,1,9.4161,0.0159,3.3723,9.4595,0.0404,4.5077,0.096,0.160,1,1,3,3
65.007,14,1,9.4161,0.0159,3.3723,9.4595,0.0404,4.5077,0.096,0.160,1,1,3,3
65.102,14,1,9.4161,0.0159,3.3723,9.4595,0.0404,4.5077,0.096,0.160,1,1,3,3
65.208,14,1,9.4161,0.0159,3.3723,9.4595,0.0404,4.5077,0.096,0.160,1,1,3,3
65.309,14,1,9.4161,0.0159,3.3723,9.4437,0.0468,4.5529,0.094,0.165,1,1,3,3
65.406,14,1,9.4161,0.0159,3.3723,9.4408,0.0498,4.5640,0.093,0.165,1,1,3,3
65.508,14,1,9.4161,0.0159,3.3723,9.4371,0.0515,4.5723,0.092,0.164,1,1,3,3
65.603,2,1,9.4161,0.0159,3.3723,9.4317,0.0568,4.5859,0.092,0.169,1,1,3,3
65.706,2,1,9.4161,0.0159,3.3723,9.4314,0.0572,4.5869,0.092,0.170,1,1,3,3
65.802,2,1,9.4161,0.0159,3.3723,9.4314,0.0572,4.5869,0.092,0.170,1,1,3,3
65.907,2,1,9.4161,0.0159,3.3723,9.4314,0.0572,4.5869,0.092,0.170,1,1,3,3
66.002,2,1,9.4161,0.0159,3.3723,9.4314,0.0572,4.5869,0.092,0.170,1,1,3,3
66.101,2,1,9.4161,0.0159,3.3723,9.4105,0.0744,4.6352,0.090,0.169,1,1,3,3
66.206,2,1,9.4161,0.0159,3.3723,9.4060,0.0769,4.6452,0.089,0.168,1,1,3,3
66.306,2,1,9.4161,0.0159,3.3723,9.4018,0.0788,4.6539,0.089,0.172,1,1,3,3
66.407,2,1,9.4161,0.0159,3.3723,9.3993,0.0799,4.6590,0.089,0.169,1,1,3,3
66.502,2,1,9.4161,0.0159,3.3723,9.3993,0.0799,4.6590,0.089,0.169,1,1,3,3
66.609,2,1,9.4161,0.0159,3.3723,9.3909,0.0822,4.6776,0.089,0.174,1,1,3,3
66.709,2,1,9.4161,0.0159,3.3723,9.3883,0.0827,4.6835,0.088,0.172,1,1,3,3
66.805,2,1,9.4161,0.0159,3.3723,9.3863,0.0831,4.6906,0.088,0.176,1,1,3,3
66.901,2,1,9.4161,0.0159,3.3723,9.3845,0.0836,4.6970,0.088,0.174,1,1,3,3
67.000,2,1,9.4161,0.0159,3.3723,9.3818,0.0841,4.7032,0.087,0.173,1,1,3,3
67.107,2,1,9.4161,0.0159,3.3723,9.3794,0.0843,4.7073,0.087,0.172,1,1,3,3
67.205,2,1,9.4161,0.0159,3.3723,9.3772,0.0848,4.7116,0.086,0.170,1,1,3,3
67.302,2,1,9.4161,0.0159,3.3723,9.3752,0.0852,4.7151,0.086,0.173,1,1,3,3
67.407,2,1,9.4161,0.0159,3.3723,9.3731,0.0857,4.7191,0.086,0.171,1,1,3,3
67.502,2,1,9.4161,0.0159,3.3723,9.3731,0.0857,4.7191,0.086,0.171,1,1,3,3
67.607,2,1,9.4161,0.0159,3.3723,9.3680,0.0867,4.7289,0.086,0.175,1,1,3,3
67.703,2,1,9.4161,0.0159,3.3723,9.3655,0.0869,4.7333,0.086,0.174,1,1,3,3
67.810,2,1,9.4161,0.0159,3.3723,9.3641,0.0869,4.7382,0.086,0.177,1,1,3,3
67.906,2,1,9.4161,0.0159,3.3723,9.3630,0.0871,4.7423,0.085,0.174,1,1,3,3
68.004,2,1,9.4161,0.0159,3.3723,9.3600,0.0875,4.7479,0.085,0.174,1,1,3,3
68.103,2,1,9.4161,0.0159,3.3723,9.3578,0.0878,4.7508,0.085,0.172,1,1,3,3
68.201,2,1,9.4161,0.0159,3.3723,9.3554,0.0882,4.7536,0.085,0.176,1,1,3,3
68.300,2,1,9.4161,0.0159,3.3723,9.3526,0.0885,4.7558,0.085,0.174,1,1,3,3
68.403,2,1,9.4161,0.0159,3.3723,9.3513,0.0887,4.7571,0.084,0.171,1,1,3,3
68.509,2,1,9.4161,0.0159,3.3723,9.3513,0.0887,4.7571,0.084,0.171,1,1,3,3
